position,salary,addr,description,experience,education,company,recruiting number
数据分析师,8千-1.5万,北京-丰台,基金数据分析、证券数据分析、期货数据分析、经济分析、技术面分析、基本面分析,无经验,大专,北京华创嘉盛投资咨询有限公司,100-299人
数据分析师,7千-1万,北京-朝阳,数据分析、大数据分析、商业分析、运营数据分析、市场数据分析,1-3年,大专,隆安晟世(北京)科技集团有限公司,300-499人
数据分析师（园区）,6千-8千,北京-海淀,数据清洗、excel,不限,本科,工信通(北京)信息技术有限公司,100-299人
数据分析师22SSJ05,1.5万-2万,北京-海淀,数据分析师、行业分析、舆情分析、风控数据分析、运营数据分析、商业数据分析,1年以下,硕士,中国信息通信研究院,1000-9999人
数据分析师,8千-1.5万,北京-海淀,销售数据分析、经营数据分析、市场数据分析,3-5年,大专,北京永阳微波科技有限公司,100-299人
中级数据分析师,1.2万-2万,北京-海淀,Python、SQL、舆情分析、SPSS、SAS,3-5年,本科,企服码(北京)科技有限公司,20人以下
高级数据分析师,2万-3万,北京,Python、SQL、R语言,3-5年,本科,北京鼎普科技股份有限公司,300-499人
数据分析师,1.2万-1.5万,北京-西城,Python、SQL、商业数据分析、财务数据分析、excel,3-5年,本科,中科软科技股份有限公司,1000-9999人
数据分析师,8千-1万,北京-海淀,Python、Excel、Matlab,不限,本科,江苏国科智能电气有限公司,100-299人
高级数据分析师,6千-8千,北京-东城,数据分析、大数据分析,1-3年,本科,北京润和嘉木智能物联科技股份有限公司,20-99人
高级数据分析师,2万-3万,北京-海淀,SQL、Python,3-5年,本科,北京鼎普科技股份有限公司,300-499人
数据分析师/专员,1万-1.2万,北京-朝阳,风控数据分析、数据建模、Python、SQL,3-5年,本科,安信联合,100-299人
数据分析师,1.3万-2万,北京-朝阳,Python、SQL、Power BI、SPSS、关联分析、多元统计分析、回归算法、运营数据分析,3-5年,本科,易才集团,1000-9999人
高级数据分析师-北京,1.5万-3万,北京-海淀,Python、R语言、SQL、行业分析、机器学习,5-10年,本科,北京鼎普科技股份有限公司,300-499人
数据分析师,1.1万-1.6万,北京-西城,Python、R语言、SQL、oracle数据库,1年以下,本科,学信网,100-299人
数据分析师,1万-1.5万,北京-朝阳,数据分析,不限,大专,北京金厚财务顾问有限公司,20-99人
数据分析师,1.1万-1.5万,北京-海淀,数据分析、MATLAB、Python,无经验,本科,北京华安天诚科技有限公司,20-99人
数据分析师,6千-8千,北京,数据分析、舆情分析,无经验,本科,隆安晟世(北京)科技集团有限公司,300-499人
数据分析师,1.1万-1.7万,北京-朝阳,Java、R语言、决策树、深度学习、神经网络、关联分析、Shell、SQL,1年以下,大专,内蒙古钛新商务有限公司,20-99人
数据分析师,面议,北京-朝阳,运营数据分析、销售数据分析,1-3年,大专,好丽友,1000-9999人
数据分析师,8千-1.5万,北京,运营数据分析、销售数据分析,1-3年,大专,北京叶子整形美容医院有限公司,100-299人
数据分析师,1.2万-1.5万,北京-西城,Python、Java、SQL、阿里云DATAWORKS、EXCEL数据分析,不限,大专,北京数字天堂信息科技有限责任公司,20-99人
数据分析师,8千-1.5万,北京-丰台,数据收集、数据整理、资料管理,不限,大专,裕权科技(北京)有限公司,300-499人
数据分析师,1万-1.8万,北京-朝阳,金融数据分析,1-3年,大专,中泰首金(北京)投资管理有限公司,20-99人
数据分析,8千-1万,北京-朝阳,运营数据分析,1-3年,本科,科锐国际,1000-9999人
数据分析师,1万-1.5万,北京-海淀,Java、Python、MATLAB、SPSS、Oracle Hyperion、深度学习、方差分析、因子分析,1年以下,大专,内蒙古钛新商务有限公司,20-99人
数据分析师,7千-1万,北京-东城,Python,1年以下,大专,优备科技股份有限公司,100-299人
数据分析师,1万-1.5万,北京-昌平,数据分析、SQL、市场数据分析,不限,大专,桥西区硕科智云软件开发工作室,20-99人
数据分析师,8千-1.5万,北京-朝阳,金融数据分析、风控数据分析、行业分析,不限,本科,中泰首金(北京)投资管理有限公司,20-99人
数据分析师,9千-1万,北京-朝阳,数据分析,不限,学历不限,罗致恒富管理咨询(上海)有限公司,1000-9999人
数据分析师,1万-1.5万,北京-通州,销售数据分析、运营数据分析,1-3年,本科,北京优立家家居有限公司,100-299人
数据分析师,1.2万-1.8万,北京-西城,运营数据分析,1-3年,本科,海通安恒科技股份有限公司,1000-9999人
数据分析师,1万-1.5万,北京-通州,销售数据分析、商业数据分析、运营数据分析、行业分析,1-3年,本科,乖宝宠物食品集团股份有限公司,1000-9999人
数据分析师,1万-1.3万,北京-海淀,SQL、数据分析,1-3年,本科,科锐尔人力资源服务(苏州)有限公司,1000-9999人
数据分析师,1万-1.5万,北京-石景山,数据分析、Oracle、SQL、SQL Server,1-3年,本科,立信会计师事务所(特殊普通合伙)北京分所,1000-9999人
数据分析,1万-1.5万,北京-海淀,Python、Power BI、商业数据分析、运营数据分析,不限,本科,上海微创软件股份有限公司,10000人以上
数据分析师,1.2万-1.5万,北京-朝阳,金融数据分析,不限,学历不限,北京数字天堂信息科技有限责任公司,20-99人
数据分析师,8千-1万,北京-丰台,运营数据分析,1-3年,大专,特瓦特能源科技有限公司,100-299人
数据分析师,1.2万-1.7万,北京,数据分析、大数据分析、SQL、Python,1-3年,本科,国网计量中心有限公司,300-499人
数据分析师,8千-1.1万,北京-海淀,SQL,1-3年,本科,中电金信软件有限公司,10000人以上
数据分析,9千-1.2万,北京,数据分析、SPSS、数据清洗、BI、Python,1-3年,本科,北京思特威信息咨询有限公司,20-99人
数据分析师,5千-8千,北京-大兴,运营数据分析、销售数据分析、商业数据分析,不限,大专,行丰银拓科技集团有限公司,20-99人
数据分析师,8千-1.5万,北京-石景山,IT/互联网,1-3年,本科,中国司法大数据研究院有限公司,100-299人
数据分析师,1万-1.5万,北京-东城,SQL,1-3年,本科,北京睿企信息科技有限公司,20-99人
数据分析师,8千-1.3万,北京-朝阳,Python、机器学习、深度学习,1-3年,本科,长安通信科技有限责任公司,500-999人
数据分析,8千-1.3万,北京-海淀,市场信息收集、竞品分析、渠道合作,1-3年,本科,中视购物,500-999人
数据分析师,1.5万-1.7万,北京-顺义,Python,1-3年,本科,上海睿民,500-999人
数据分析师,6千-8千,北京-东城,商业数据分析、excel、SPSS,1-3年,本科,麦克利兰(北京)信息技术有限公司,20-99人
数据分析,1万-1.5万,北京-东城,SQL,1-3年,本科,北京睿企信息科技有限公司,20-99人
数据分析师,8千-1.3万,北京-朝阳,分类算法、机器学习、深度学习,1-3年,本科,长安通信科技有限责任公司,500-999人
数据分析师,8千-1.3万,北京-海淀,SQL、Java、Python、SPSS、数据分析,1-3年,本科,北京高途云集教育科技有限公司,10000人以上
数据分析师,8千-1.6万,北京,SPSS、SQL、行业分析,1-3年,本科,智联招聘,1000-9999人
数据分析师,1万-1.5万,北京-海淀,数据分析,1-3年,本科,博彦科技,10000人以上
数据分析师,8千-1.5万,北京-石景山,数据分析,不限,硕士,北京赛宝工业技术研究院有限公司,20-99人
数据分析师,8千-1.3万,北京-朝阳,Python、机器学习、深度学习,1-3年,本科,长安通信科技有限责任公司,500-999人
数据分析师,1.2万-1.8万,北京-海淀,运维、数据挖掘、数据库、数据采集、数据运维、数据可视化,不限,硕士,国网计量中心有限公司,300-499人
数据分析师,1.5万-1.8万,北京-西城,大数据,1-3年,本科,大连斯锐信息技术有限公司,1000-9999人
数据分析师,1万-1.5万,北京,SPSS、因子分析、SQL、数据分析,1-3年,硕士,北纬通信,1000-9999人
数据分析师,1.3万-1.5万,北京-海淀,Python,1-3年,本科,博彦科技承德有限公司,1000-9999人
数据分析师,9千-1.5万,北京-顺义,数据分析、需求分析、数据建模、回归分析,1-3年,硕士,航科院中宇(北京)新技术发展有限公司,20-99人
数据分析师,1.5万-2.5万,北京-丰台,金融数据分析、行业分析,不限,本科,北京华创嘉盛投资咨询有限公司,100-299人
数据分析师,1万-2万,北京-朝阳,数据录入,不限,大专,智恒民生(北京)投资基金管理有限公司,100-299人
数据分析师,1.2万-2万,北京-西城,运营数据分析、VBA编程、excel,1-3年,本科,北京银河创想信息技术有限公司,500-999人
数据分析师,1万-1.8万,北京-西城,Python、SQL、机器学习,3-5年,本科,佰聆数据股份有限公司,100-299人
数据分析师,1.2万-2万,北京-东城,Python、SQL、机器学习,1-3年,硕士,伟仕互动(北京)商务信息有限公司,20-99人
数据分析师,2万-4万,北京-朝阳,机器学习、聚类算法、回归算法、分类算法、深度学习、多元统计分析,1-3年,本科,和谐健康保险股份有限公司,1000-9999人
数据分析师,1.5万-2万,北京-顺义,SQL、Power BI、运营数据分析,1-3年,本科,南京欧思其软件服务有限公司北京分公司,300-499人
数据分析师,1万-1.7万,北京-朝阳,数据分析、SQL、Shell,3-5年,本科,京北方,10000人以上
数据分析师,1.4万-2万,北京-朝阳,英语可用作工作语言,1-3年,本科,大瀚人力资源集团,1000-9999人
数据分析,1万-1.5万,北京-大兴,Power BI、运营数据分析、销售数据分析,3-5年,本科,SMC自动化有限公司,1000-9999人
数据分析师,1.2万-1.8万,北京-西城,电力营销,3-5年,本科,海通安恒科技股份有限公司,1000-9999人
数据分析师,1万-1.5万,北京,数据分析、数据挖掘、Python、SPSS,3-5年,硕士,国网计量中心有限公司,300-499人
数据分析师,1.5万-3万,北京-海淀,宏观经济学、微观经济学、数理经济学、计量经济学、货币银行学、Python、R语言、Stata,不限,博士,北京安隆元贞文化创意有限公司,20-99人
数据分析师,1.2万-1.8万,北京-朝阳,Python、SQL、Spark、Hadoop、MapReduce,3-5年,大专,天阳科技,1000-9999人
数据分析师,1.5万-1.8万,北京-东城,SQL,3-5年,本科,北京睿企信息科技有限公司,20-99人
数据分析师,2.5万-3.5万,北京-石景山,SQL、SAS、金融数据分析,1-3年,硕士,深圳中南人才集团有限公司,1000-9999人
数据分析助理,8千-1.5万,北京-朝阳,判别分析、金融数据分析、风控数据分析、舆情分析、外汇行情分析、基本面分析、技术面分析、二级市场投资分析,不限,本科,中泰首金(北京)投资管理有限公司,20-99人
数据分析（广安门）,1.2万-1.8万,北京-西城,商业数据分析、行业分析、运营数据分析、销售数据分析,1-3年,本科,海通安恒科技股份有限公司,1000-9999人
python数据分析师,1万-1.8万,北京-海淀,Python、数据分析、MySQL,3-5年,大专,软通动力信息技术(集团)股份有限公司,10000人以上
数据分析专员,8千-1万,北京,数据分析,1-3年,本科,世纪二千,100-299人
数据分析专员,1万-1.1万,北京-丰台,行业分析、舆情分析、运营数据分析、商业数据分析,不限,本科,黑铁时代(北京)科技有限公司,20-99人
大数据分析师,8千-1.2万,北京-朝阳,R语言、SPSS、数据分析、C+,不限,大专,北京恒哲商贸有限公司,20人以下
数据分析助理,8千-1.2万,北京-朝阳,商业数据分析、金融数据分析、财务数据分析、风控数据分析、舆情分析,不限,大专,恒希(北京)财税服务有限责任公司,20-99人
大数据分析师,8千-1.2万,北京-东城,数据分析、大数据分析、数据采集、大数据平台,不限,大专,北京蓝飞信息科技有限公司,20-99人
人力数据分析,8千-1.2万,北京-石景山,人力数据分析,1-3年,本科,北京怡和嘉业医疗科技股份有限公司,300-499人
经济数据分析,8千-1.2万,北京-房山,R语言、SPSS、数据分析、大数据分析,不限,大专,北京富辉旺商贸有限公司,20-99人
数据统计分析,8千-1.2万,北京-东城,R语言、SPSS、数据分析、大数据分析,不限,大专,北京中京翼科技有限公司,20-99人
数据分析岗,1万-1.5万,北京-朝阳,SAS、SQL、Python、Power BI,1-3年,本科,北京鸿联九五信息产业有限公司,10000人以上
数据分析师助理,8千-1.5万,北京-丰台,数据整理、行业分析、资料管理,不限,大专,黑铁时代(北京)科技有限公司,20-99人
大数据分析师,8千-1.2万,北京-通州,R语言、SPSS、大数据分析、数据分析,不限,大专,北京捷凯商贸有限公司,20-99人
数据分析员,6千-7千,北京-朝阳,数据分析、二级市场,不限,本科,北京鑫澜途科技服务有限公司,20-99人
数据分析师,1.5万-2万,北京-朝阳,Python、SQL、运营数据分析、商业数据分析,3-5年,本科,北京耐思云科技有限公司,100-299人
大数据分析师,8千-1.2万,北京-海淀,数据分析、大数据分析、数据采集、大数据平台,不限,大专,北京蓝飞信息科技有限公司,20-99人
数据分析主管,1.2万-1.8万,北京-朝阳,运营数据分析、风控数据分析、商业数据分析,1-3年,本科,国药集团联合医疗器械有限公司,100-299人
数据分析工程师,1.3万-1.6万,北京-东城,数据治理,1-3年,本科,北京一研科技有限公司,20-99人
软件数据分析师,9千-1.5万,北京-朝阳,R语言、SPSS、机器学习、数据分析,不限,本科,北京捷凯商贸有限公司,20-99人
医学数据分析师-0001,1万-1.5万,北京-朝阳,行业经验,1-3年,本科,上海中智人才顾问咨询有限公司,20-99人
大数据分析师,8千-1.2万,北京-东城,数据分析、大数据分析、数据采集、大数据平台,不限,大专,北京蓝飞信息科技有限公司,20-99人
大数据分析师,8千-1.2万,北京-大兴,R语言、SPSS、数据分析、C+,不限,大专,北京恒哲商贸有限公司,20人以下
数据分析员,6千-1万,北京-朝阳,金融数据分析、数据研究、二级市场、策略、实习生、全职、管培生,不限,本科,北京鑫澜途科技服务有限公司,20-99人
数据分析师,2.5万-3万,北京,SQL、行业分析,3-5年,本科,轻松集团,1000-9999人
数据分析专员,1.1万-1.5万,北京-海淀,运营数据分析,不限,硕士,思特奇,1000-9999人
大数据分析师,9千-1.2万,北京-东城,数据采集,不限,大专,北京蓝飞信息科技有限公司,20-99人
商业数据分析,8千-1.2万,北京-朝阳,R、数据分析、SPSS、C+,不限,大专,海博浩(深圳)贸易有限公司,20-99人
数据统计分析师,1万-1.3万,北京-朝阳,SAS、商业数据分析,不限,本科,迈迪思创(北京)科技发展有限公司,100-299人
数据分析专员,7千-9千,北京-海淀,数据挖掘、需求分析、行业分析、商业分析,无经验,本科,喀斯玛(北京)科技有限公司,100-299人
大数据分析师,8千-1.2万,北京-海淀,R语言、SPSS、机器学习、数据分析,不限,本科,北京捷凯商贸有限公司,20-99人
数据分析专员,7千-9千,北京-朝阳,运营数据分析,1-3年,大专,合和付(北京)供应链管理有限公司,20-99人
数据分析员,1.2万-1.6万,北京-朝阳,Power BI、SQL,3-5年,本科,易才集团,1000-9999人
工程造价数据分析师,8千-1.2万,北京-顺义,造价员、办公地产、智能建筑、ArchiCAD,不限,大专,北京翰星商贸有限公司,20-99人
数据分析助理,5千-8千,北京-朝阳,数据分析、行业分析、SQL、运营数据分析,不限,本科,北京新兴宏基房地产土地评估有限公司,20-99人
数据分析师,1.5万-2.5万,北京-大兴,可视化、数据治理、业务分析,5-10年,本科,武汉讯锡云科技有限公司,300-499人
数据分析员,5千-1万,北京-朝阳,金融数据分析、数据研究、二级市场、策略、实习生、全职、管培生,不限,本科,北京鑫澜途科技服务有限公司,20-99人
软件数据分析师,8千-1.2万,北京-延庆,R语言、SPSS、数据分析、大数据分析,不限,大专,北京中京翼科技有限公司,20-99人
数据分析师,1.5万-2.3万,北京-朝阳,SQL、Power BI、Tableau、机器学习、深度学习、金融数据分析、商业数据分析,3-5年,本科,南京欧思其软件服务有限公司北京分公司,300-499人
tableau数据分析,1.3万-1.6万,北京-西城,财务数据分析、Tableau,3-5年,本科,北京腾信软创科技股份有限公司,1000-9999人
数据分析文员,5千-5.5千元/月,北京-朝阳,运营数据分析,1-3年,大专,百思特,10000人以上
电商数据分析师,8千-1.2万,北京-大兴,销售数据分析,1-3年,本科,北京三元食品股份有限公司,1000-9999人
数据分析师,1.5万-3万,北京-东城,数据分析、机器学习、SPSS、Python、Java、SAS,3-5年,本科,北京博数智源人工智能科技有限公司,20-99人
数据分析工程师,9千-1.2万,北京-朝阳,环境监测,3-5年,本科,中节能天融科技有限公司,1000-9999人
数据分析师（外派银行）,1万-1.8万,北京-朝阳,数据集市,1-3年,大专,京北方,10000人以上
经济数据分析,9千-1.5万,北京-东城,R语言、机器学习、SPSS、数据分析,不限,大专,海博浩(深圳)贸易有限公司,20-99人
数据分析经理,8千-1.1万,北京-朝阳,商业数据分析、运营数据分析、销售数据分析、行业分析、风控数据分析、神经网络,1-3年,本科,万方城镇投资发展股份有限公司,100-299人
数据分析师,1.5万-2.5万,北京-海淀,商业数据分析、运营数据分析、销售数据分析、财务数据分析、金融数据分析、游戏数据分析、风控数据分析、行业分析,3-5年,本科,作业帮,10000人以上
机械设计数据分析师,8千-1.2万,北京-东城,机械制图、机械编程、电子控制系统、机械工艺设计,不限,大专,北京翰星商贸有限公司,20-99人
数据分析师,1.8万-3.5万,北京-西城,Python、R语言、SQL、机器学习、深度学习、风控数据分析、广告分析、金融数据分析,3-5年,本科,北京融数联智科技有限公司,20-99人
数据分析,1.5万-2.5万,北京-昌平,商业数据分析,3-5年,本科,泰康在线,500-999人
数据分析员,1万-1.3万,北京-朝阳,销售数据分析、运营数据分析、商业数据分析,1-3年,本科,北京奥尔贝德医疗美容门诊部有限公司,100-299人
数据分析员,8千-1.6万,北京-大兴,Power BI、Tableau、商业数据分析、财务数据分析,1-3年,本科,华信永益(北京)信息技术有限公司,100-299人
数据分析工程师,1.2万-1.8万,北京-西城,聚类算法、回归算法、关联分析、Python,不限,学历不限,南京绿和信息技术有限公司,20-99人
数据分析员,6千-1万,北京-朝阳,数据研究、二级市场、策略、管培生、实习生,不限,本科,北京鑫澜途科技服务有限公司,20-99人
数据分析岗,8千-1.5万,北京-朝阳,SQL、数学/统计学专业,1-3年,本科,北京五八信息技术有限公司,10000人以上
数据分析师（朝阳门办公室）,1.2万-1.5万,北京-朝阳,财务数据分析、Python、IT审计,1-3年,本科,立信会计师事务所(特殊普通合伙)北京分所,1000-9999人
数据分析师,1.2万-2万,北京-朝阳,回归算法、决策树、Python、R语言、SQL、Tableau、运营数据分析,3-5年,本科,北京信任度科技有限公司,100-299人
数据分析师,2万-3万,北京-大兴,定性研究、定量研究,3-5年,硕士,北京智能车联产业创新中心有限公司,20-99人
数据分析员,6千-1万,北京-朝阳,二级市场、策略、管培生、实习生、数据研究,不限,本科,北京鑫澜途科技服务有限公司,20-99人
数据分析师,1.5万-2.5万,北京-朝阳,Python、数据库模型设计、金融数据分析、风控数据分析,3-5年,本科,天阳科技,1000-9999人
遥感数据分析师,8千-1.5万,北京-海淀,Python、遥感、地理信息系统,不限,硕士,自然碳汇研究院(青岛)有限公司,20-99人
数据分析,1.5万-2万,北京-朝阳,SQL、Python、Tableau、SAS、R语言,3-5年,本科,北京信任度科技有限公司,100-299人
数据分析工程师,8千-1.5万,北京-丰台,Java、Python、R语言、SQL、Shell、Scala,1-3年,本科,中国通信建设集团有限公司,1000-9999人
数据分析师,1.5万-2.5万,北京,数据分析、Hive、SQL、Tableau,5-10年,本科,智联招聘,1000-9999人
数据分析师,面议,北京-朝阳,SQL、商业数据分析、运营数据分析、销售数据分析,3-5年,本科,北京三快在线科技有限公司,1000-9999人
大气数据分析师,1万-1.5万,北京,大气污染、环境科学、环境工程、大气科学、空气评价、空气检测,1-3年,硕士,北京清创美科环境科技有限公司,100-299人
数据分析师,1万-2万,北京,SQL、Python、商业数据分析、运营数据分析、关联分析,3-5年,本科,智慧科技会展(北京)集团股份公司,100-299人
评级分析师,1万-1.2万,北京,行业分析、财务分析,不限,硕士,大公国际资信评估有限公司,500-999人
数据分析工程师,8千-1.2万,北京-丰台,数据统计分析,1-3年,大专,北京三岭基业科技发展有限公司,20-99人
数据分析师,3万-4万,北京-海淀,Python、SQL,3-5年,硕士,北京视野智慧数字科技有限公司,100-299人
数据运营分析师,9千-1.1万,北京-朝阳,数据分析,1-3年,本科,北京市长城企业战略研究所,300-499人
数据分析师,1.6万-1.9万,北京-顺义,Python,3-5年,本科,北京汉克时代科技有限公司,1000-9999人
行业/数据分析师,1万-1.5万,北京-朝阳,数据分析、行业分析、行业研究,5-10年,本科,北京埃菲特国际房地产经纪有限公司,1000-9999人
数据分析师,2万-4万,北京-朝阳,运营数据分析、SQL,5-10年,本科,时空云科技有限公司,100-299人
数据分析师,1.5万-2.3万,北京-朝阳,银行、信贷、金融数据分析,3-5年,本科,天阳科技,1000-9999人
数据分析管培生,8千-1万,北京-朝阳,SQL、数据建模、数据挖掘、行业分析、需求分析,1年以下,硕士,智联招聘,1000-9999人
数据分析,1.7万-2.5万,北京-东城,SQL,3-5年,本科,北京睿企信息科技有限公司,20-99人
大数据分析师,1万-1.8万,北京-海淀,Hadoop、Hive、Impala、Kafka、Java、MySQL、Oracle、HBase,3-5年,本科,中科软科技股份有限公司,1000-9999人
排放清单数据分析师,1万-1.5万,北京,环境科学、大气污染、排放清单、环境环保、环境工程、空气评价,不限,硕士,北京清创美科环境科技有限公司,100-299人
数据分析师,1.3万-2万,北京-丰台,HANA、BI,3-5年,本科,海思林科(北京)信息技术有限公司,100-299人
振动分析师,9千-1.2万,北京-丰台,行业分析、数据分析、数据处理,1-3年,本科,北京鼎好鑫源科技有限公司,20-99人
数据分析师,1.5万-2.3万,北京-顺义,Python、SQL,3-5年,本科,上海睿民,500-999人
数据分析师,1.8万-3万,北京-丰台,机器学习、金融数据分析、数据建模、逻辑回归,5-10年,本科,软通动力信息技术(集团)股份有限公司,10000人以上
数据分析师,1.5万-2.5万,北京-海淀,SQL、Power BI、英文,3-5年,本科,上海微创软件股份有限公司,10000人以上
数据分析师,1.5万-2.5万,北京-朝阳,SQL、Python、智能营销、零售经营分析、数据服务、SAS、Tableau、银行数据分析,3-5年,本科,索信达,500-999人
数据分析师,2.5万-3.5万,北京,SQL、数据分析,3-5年,本科,畅捷通,1000-9999人
数据分析师,1.3万-2.6万,北京,MATLAB、Python、SQL、机器学习、深度学习、回归算法、金融数据分析,3-5年,硕士,大公国际资信评估有限公司,500-999人
商业分析师,1万-1.5万,北京-海淀,英语可作为工作语言、SQL、数据分析、Power-BI、R,3-5年,本科,软通动力信息技术(集团)股份有限公司,10000人以上
数据分析师,1.5万-2.5万,北京-海淀,金融数据分析、风控数据分析、Python、Java,3-5年,本科,东方微银科技股份有限公司,300-499人
商业分析师,1万-1.6万,北京-昌平,SQL、Tableau、Hive、Power-BI、R,3-5年,本科,北京乐普诊断科技股份有限公司,500-999人
数据分析师,1.5万-2.5万,北京,SQL、行业数据分析、数据仓库建模、Power BI、Tableau、决策树、销售数据分析、运营数据分析,3-5年,本科,恒昌汇财,10000人以上
数据分析师,1.5万-2.6万,北京,AIS,3-5年,硕士,国交空间信息技术(北京)有限公司,20-99人
数据分析,3.5万-6.5万,北京,Python,5-10年,本科,展动力,1000-9999人
数据分析师,3万-5万,北京-丰台,Python、数据治理、数据挖掘、数据采集、数据仓库、数据可视化,5-10年,本科,泛华建设集团,1000-9999人
数据分析师,1.4万-2万,北京-海淀,Python、R语言、SQL、Power BI、数据分析、行业分析、数据治理、政务平台,5-10年,大专,山东久智信息技术有限公司,100-299人
数据分析师（编辑方向）,8千-1.1万,北京-海淀,熟练操作WORD、大数据分析,不限,硕士,北京纳人国际咨询有限公司,20-99人
综合数据分析师,8千-1.6万,北京-海淀,数据处理、数据分析、行业分析,不限,硕士,清环智源(北京)科技有限公司,20-99人
数据分析师,1.5万-2.5万,北京,SQL、Python、回归算法、决策树、机器学习、聚类算法、分类算法、风控数据分析,3-5年,本科,北京云链金汇数字科技有限公司,20-99人
数据分析师,10万-15万,北京-海淀,SPSS,5-10年,本科,深圳市鼎盛动力发展有限公司,100-299人
数据分析师,2万-4万,北京,Java、Python、Scala、机器学习、分类算法、商业数据分析、运营数据分析、销售数据分析,3-5年,学历不限,北京汽车研究总院有限公司,500-999人
数据分析师,1.5万-3万,北京-朝阳,SQL、风控数据分析、Python、Power BI、Tableau、金融数据分析,5-10年,本科,北京君航微金信息科技有限公司,1000-9999人
数据分析师,1.8万-2.5万,北京-朝阳,Java、SQL、Scala、Python,5-10年,本科,北京中佳瑞通科技有限公司,100-299人
数据分析师,2万-4万,北京-海淀,行业分析、数据分析体系、指标体系和模型搭建,5-10年,本科,浪潮集团,10000人以上
数据分析师,1.5万-3万,北京-海淀,商业数据分析、运营数据分析、销售数据分析,5-10年,硕士,远景科技集团有限公司,1000-9999人
数据分析师,2.5万-4万,北京-朝阳,银行业风控、证券业风控、信托风控、保险业风控、汽车金融风控、供应链金融风控、互联网金融风控,3-5年,本科,北京安德信业信息咨询有限责任公司,100-299人
数据分析师,3万-5万,北京-丰台,数据分析经理、数据分析岗、Python、SQL、深度学习、商业数据分析、行业分析、运营数据分析,5-10年,本科,泛华建设集团,1000-9999人
数据分析师,2.5万-3.5万,北京-海淀,Java、商业数据分析、Echarts,5-10年,本科,大连蓝海时代信息技术有限公司,500-999人
数据分析师,3万-4万,北京-朝阳,商业数据分析,3-5年,硕士,北京三象国际咨询有限公司,100-299人
数据分析,2.5万-4.5万,北京-丰台,商业数据分析、行业分析、运营数据分析、销售数据分析,5-10年,本科,北京外投信享科技有限公司,20-99人
数据分析师,3万-4万,北京-朝阳,Python、SQL,3-5年,本科,万宝瑞华人才管理咨询(上海)有限公司,1000-9999人
数据分析,面议,北京-石景山,Python,3-5年,硕士,中国邮政储蓄银行股份有限公司信用卡中心,1000-9999人
数据分析师,面议,北京-朝阳,,3-5年,本科,北京三快在线科技有限公司,1000-9999人
Power BI数据分析师,8千-1.4万,上海-静安,Power BI、BI、数据分析、数据仓库,1-3年,大专,敏捷艾科,20-99人
数据分析师,1万-1.4万,上海-杨浦,Scala、Python、SQL、商业数据分析、运营数据分析,3-5年,本科,上海哈德门广告有限公司,20-99人
PowerBI数据分析师-汉高施华蔻外包项目,1.2万-1.3万,上海-杨浦,POWERBI数据分析,1-3年,大专,电声股份,1000-9999人
IT数据分析师,2.5万-3万,上海-徐汇,SAS、Power BI、Tableau,5-10年,本科,爱派克斯国际物流(中国)有限公司,500-999人
数据分析师,1.2万-1.8万,上海-黄浦,SQL、销售数据分析、运营数据分析,不限,本科,智联招聘,1000-9999人
数据分析师,6千-8千,上海-浦东,Python、R语言、SQL、行业分析、运营数据分析,不限,本科,普望(上海)信息科技有限公司,20-99人
数据分析,8千-9千,上海-普陀,运营数据分析、销售数据分析、SQL,1-3年,大专,正德人力资源股份有限公司,10000人以上
数据分析师,6千-1万,上海-黄浦,Excel,不限,本科,上海三联(集团)有限公司,1000-9999人
数据分析师,9千-1.2万,上海-闵行,数据分析,1-3年,本科,上海郑隆汽车(集团)有限公司,100-299人
数据分析师,1万-1.5万,上海,数据统计分析、Python、SQL,1-3年,本科,南京飞勒克工业设备有限公司,100-299人
数据分析师,1.2万-1.5万元/月,上海-嘉定,Python、SPSS、EVIEWS、Stata、R、Matlab,不限,本科,苏州准雀教育咨询有限公司,1000-9999人
数据分析师,1.5万-1.8万,上海-浦东,财务数据分析,不限,高中,上海有色网,100-299人
数据分析师,8千-1.5万,上海-嘉定,SQL、Python、财务数据分析、深度学习、主成份分析、商业数据分析、销售数据分析、风控数据分析,1年以下,本科,好得科技有限公司,100-299人
数据分析师,8千-1.3万,上海-静安,Python、SQL,1-3年,本科,贝壳找房科技有限公司,10000人以上
数据分析师,1.2万-1.8万,上海-闵行,Tableau、SQL、运营数据分析、商业数据分析,1-3年,本科,上海千熠信息科技有限公司,100-299人
数据分析,7千-8千,上海-浦东,业务数据分析、运营数据分析,1-3年,本科,平安金服,1000-9999人
数据分析师,8千-1.2万,上海,商业数据分析、运营数据分析、销售数据分析,1-3年,本科,上海纽卓医疗美容门诊部有限公司,500-999人
数据分析师,1.2万-1.5万,上海-青浦,数据分析、数据采集、行业分析、数据建模、大数据分析、数据挖掘、商业数据分析、销售数据分析,1-3年,本科,浙江普道科技信息服务有限公司,100-299人
数据分析师,8千-1万,上海,数据统计分析、ETL、算法、数据处理、Hadoop、Spark,1-3年,本科,上海同界数据科技股份有限公司,20-99人
数据分析,1.2万-1.5万,上海-静安,数据分析,1-3年,本科,上海东浩人力资源有限公司,100-299人
数据分析师,9千-1.2万,上海,SQL Server、Oracle、SQL,1-3年,本科,立信会计师事务所（特殊普通合伙）,1000-9999人
数据分析师,8千-1.2万,上海-黄浦,商业数据分析,1-3年,本科,上海纽卓医疗美容门诊部有限公司,500-999人
数据分析,5千-6千,上海-宝山,商业数据分析、财务数据分析、Power BI,1-3年,大专,上海进发建筑工程有限公司,20-99人
数据处理分析师,1万-1.5万,上海,行业分析、商业数据分析、判别分析,3-5年,本科,上海海天医药科技开发有限公司,1000-9999人
数据分析师,1.5万-2万,上海-浦东,SQL、Python、数据模型、数字化转型、数据可视化、自动化报表,1-3年,本科,武汉景行英才人力资源服务有限公司,100-299人
数据分析师,2万-4万,上海-长宁,Shell、ROC分析、商业数据分析,1-3年,本科,拼多多,1000-9999人
数据分析师,1.5万-1.8万,上海-闵行,Python、SQL、XGBoost、LightGBM,3-5年,本科,北京戌华防务技术有限公司,100-299人
数据分析师,1.3万-2万,上海,销售数据分析,不限,本科,ALPHASIGHTS LIMITED,500-999人
数据分析师,1.3万-1.8万,上海-徐汇,SQL、Python、Hive,3-5年,本科,江苏开拓信息与系统有限公司,100-299人
数据分析师,8千-1.6万,上海,Python、Power BI、商业数据分析、Java、SPSS、SAS、运营数据分析、销售数据分析,3-5年,本科,谛宝诚(上海)医学影像科技有限公司,100-299人
数据分析师,2.5万-4.5万,上海-长宁,数据分析、数据挖掘、Hadoop、Spark、Python、Shell、商业数据分析、游戏数据分析,1-3年,本科,拼多多,1000-9999人
数据分析师,2万-3万,上海-浦东,SQL、Python、Shell、商业数据分析、行业分析、运营数据分析、制造业、电子,不限,本科,武汉灏天科技有限公司,100-299人
数据分析师,2万-2.5万,上海,Python、SQL,1-3年,本科,上海奥深商务咨询有限公司,100-299人
数据分析师,1.2万-1.6万,上海-浦东,SQL,3-5年,本科,中建八局,10000人以上
数据分析师,1万-1.5万,上海-长宁,商业数据分析、Tableau、SPSS,3-5年,本科,襄阳市鸿睿建筑装饰工程有限公司,20-99人
数据分析师,3万-6万,上海-长宁,Python,不限,本科,拼多多,1000-9999人
数据分析师,1.9万-2.5万,上海-静安,商业数据分析、运营数据分析、销售数据分析,1-3年,大专,智程(上海)投资咨询有限公司,20-99人
数据分析助理,6千-8千,上海-徐汇,数据分析,不限,本科,上海思勃商务咨询有限公司,20-99人
数据分析师,3万-6万,上海-长宁,SQL,1-3年,本科,拼多多,1000-9999人
数据分析助理,8千-9千,上海-静安,Python、SQL、excel,不限,本科,上海中智项目外包咨询服务有限公司,1000-9999人
销售数据分析师,1万-1.2万,上海-浦东,制药/医疗,不限,大专,金诃藏药股份有限公司,500-999人
数据分析师,3万-6万,上海,商业数据分析、电商数据分析、游戏数据分析、Hive,不限,本科,拼多多,1000-9999人
数据分析师（线上）,9千-1.5万,上海-闵行,销售业务数据、统计学、数据分析,3-5年,大专,武汉猫人云商科技有限公司,1000-9999人
初级数据分析师,7千-1万,上海,MySQL、excel,不限,本科,上海同界数据科技股份有限公司,20-99人
数据分析专员,9千-1.2万,上海-徐汇,商业数据分析,不限,大专,江西磊沃信息技术有限公司,20-99人
数据分析专员,8千-9千,上海-浦东,销售数据分析,3-5年,本科,万宝盛华企业管理咨询(上海)有限公司浦东分公司,1000-9999人
数据分析专员,1万-1.5万,上海-浦东,Power BI,不限,本科,腾达建设,1000-9999人
数据分析专员,6千-1万,上海-松江,财务数据分析、金融数据分析、关联分析、监控系统,不限,大专,浙江然自芯环保科技有限公司,100-299人
数据分析专员,7千-8千,上海,运营数据分析,1-3年,本科,水星家纺,1000-9999人
数据分析,1.5万-2万,上海-浦东,Python、SQL、Tableau,3-5年,本科,南京特谙斯企业咨询有限公司,100-299人
数据分析专员,9千-1.5万,上海,数据分析、数据挖掘、SQL,1-3年,本科,南京飞勒克工业设备有限公司,100-299人
数据分析师（数据质量管理）,1万-1.8万,上海-浦东,Oracle、数据分析、数据挖掘、数据采集、数据建模、模型设计,不限,本科,中征(北京)征信有限责任公司,100-299人
数据分析岗,1万-1.5万,上海-浦东,数据分析、运营数据分析、经营数据分析,1-3年,本科,智联猎头,1000-9999人
Power BI数据分析师,5千-8千,上海-静安,Power BI、商业分析、数据分析、BI、SQL、Excel,不限,大专,敏捷艾科,20-99人
数据分析岗,5千-8千,上海-浦东,数据分析、SPSS、数据挖掘、Python、机器学习、数据建模、数据治理、行业分析,不限,大专,上海数治数据科技有限公司,20-99人
数据分析专员,9千-1.2万,上海,SQL、Python、数据分析、统计学,1-3年,本科,上海吉凯基因医学科技股份有限公司,500-999人
商业分析师,1万-1.5万,上海-杨浦,线下零售、电商类产品、电商、Power-BI,3-5年,大专,思念食品有限公司,10000人以上
数据分析专员,8千-1.2万,上海,数据分析,1-3年,本科,南京飞勒克工业设备有限公司,100-299人
数据分析师,2万-2.5万,上海-闵行,数据分析、数据中台、模型设计、BI,3-5年,本科,快乐蜂餐饮集团,1000-9999人
数据分析专员,6千-8千,上海,销售数据分析、运营数据分析,1年以下,本科,旺旺集团,10000人以上
商业分析师,1万-1.5万,上海-静安,数据分析、数据挖掘,无经验,学历不限,凯盛融英信息科技,500-999人
数据分析师(J10856),8千-1万,上海-静安,Python、MySQL、Selenium、网页抓取、数据采集,无经验,本科,特朗思大宇宙,1000-9999人
数据分析员,8千-1.3万,上海-浦东,SQL、SPSS、SAS、Python,1-3年,本科,南京飞勒克工业设备有限公司,100-299人
数据分析,1.5万-2万,上海,数据分析,3-5年,本科,中邮邮惠万家银行有限责任公司,100-299人
数据分析专员,8千-1万,上海-浦东,运营数据分析、Power BI,1-3年,本科,科锐国际,1000-9999人
商业分析师,1万-1.5万,上海-杨浦,线下零售、生活服务/O2O、快消行业,不限,大专,思念食品有限公司,10000人以上
数据分析专员,7千-1.2万,上海-闵行,数据分析,1-3年,本科,旺旺集团,10000人以上
数据建模分析师,1.2万-1.6万,上海-浦东,数据建模、数据分析、机器学习、文本挖掘、R语言、Python,不限,硕士,上海数治数据科技有限公司,20-99人
游戏数据分析师,面议,上海-杨浦,SQL、游戏数据分析,1-3年,大专,文思海辉技术有限公司 Pactera Technology International Limited,10000人以上
数据分析经理,1.5万-1.8万,上海-徐汇,SQL、R、数学/统计学专业、线下零售、餐饮业,5-10年,本科,达美乐比萨,500-999人
数据分析师,1.6万-2万,上海-黄浦,R语言、SQL,5-10年,本科,中国船舶集团海舟系统技术有限公司,100-299人
bi数据分析师,1.2万-1.5万,上海-闵行,Tableau、BI,1-3年,本科,旺旺集团,10000人以上
助理数据分析师,8千-1.1万,上海-长宁,批发/零售、excel,1年以下,本科,上海力德企业管理咨询有限公司,100-299人
数据分析师,1.8万-2.5万,上海-浦东,数据分析、需求分析、SQL、Python,3-5年,大专,邮乐中国,500-999人
数据分析工程师,7千-1.4万,上海-浦东,SSRS、Power BI,1-3年,大专,上海轩远计算机系统工程有限公司,100-299人
数据分析专员,8千-1.2万,上海-浦东,SAS、SQL,1-3年,本科,上汽通用汽车金融,500-999人
数据分析主任,1.2万-1.5万,上海,数据分析,不限,本科,汉德森日用保健品(上海)有限公司,100-299人
财务数据分析师,9千-1.2万,上海-浦东,运营数据分析、财务,1-3年,本科,宜通华瑞,1000-9999人
数据分析师（跨境电商）,7千-1万,上海-浦东,数据分析、跨境电商运营、Python、SQL、行业分析、商业数据分析、运营数据分析、广告分析,1-3年,本科,上海元雀信息科技有限公司,20-99人
数据分析-财务,8千-1万,上海-闵行,财务体系、财务预算、经营分析、收益分析、财务报告,1-3年,大专,旺旺集团,10000人以上
数据分析专员,6千-8千,上海,excel、数据处理,1-3年,大专,韵达快递,10000人以上
数据分析员,6千-8千,上海-浦东,销售管理,不限,高中,申美饮料,1000-9999人
供应链数据分析,1.5万-1.8万,上海-徐汇,SPSS、Power BI、SQL,3-5年,本科,上海复宏汉霖生物技术有限公司,1000-9999人
财务数据分析,6千-1.2万,上海-宝山,Python、财务数据分析、运营数据分析,不限,大专,上海进发建筑工程有限公司,20-99人
数据分析员,6千-9千,上海-闵行,批发/零售、餐饮业,不限,本科,旺旺集团,10000人以上
数据分析师,1.8万-3万,上海-青浦,销售数据分析、运营数据分析,3-5年,本科,益客集团,10000人以上
数据分析师,2万-2.5万,上海-浦东,Python、SQL、Tableau、Power BI、机器学习,3-5年,本科,软通动力信息技术(集团)股份有限公司,10000人以上
数据分析师(物流),1万-1.5万,上海-浦东,数据分析、Power BI、BI,1-3年,本科,上海东浩人力资源有限公司,100-299人
数据分析师,1.5万-2.5万,上海-虹口,数据分析、数据建模,3-5年,本科,上海威豪医疗科技有限公司,100-299人
汽车行业数据分析师,8千-1.3万,上海-长宁,数据分析、市场调研、汽车、SQL,3-5年,本科,上海嘉之道数据科技有限公司,20-99人
上市公司招数据分析师,8千-1.5万,上海-徐汇,销售方向、运营方向、物流方向、客服方向、店长方向、营销方向、市场方向、法务方向,不限,本科,上海链家地产,10000人以上
数据分析师,1.8万-2.5万,上海-浦东,数据分析、需求分析、SQL、Python,3-5年,大专,邮乐中国,500-999人
数据分析 BA,1万-1.5万,上海-静安,行业分析、Python、需求分析、可视化分析,1-3年,大专,上海赞魅国际物流有限公司,20-99人
数据分析师,1万-2万,上海-浦东,机器学习,3-5年,本科,法本信息,1000-9999人
数据分析师,1.6万-2万,上海-浦东,Python、Java、商业数据分析、运营数据分析,3-5年,本科,上海复深蓝软件股份有限公司,1000-9999人
数据分析主管,7千-1.2万,上海-普陀,商业数据分析、运营数据分析、行业分析,3-5年,大专,上海建京教育科技有限公司,100-299人
数据分析师,1元/时,上海-浦东,SQL,10年以上,MBA/EMBA,上海有色网,100-299人
行业数据分析师,1.5万-1.6万,上海-静安,多元统计分析、方差分析、回归算法,1-3年,本科,睿咨得能源管理咨询(北京)有限公司,20人以下
数据分析师,2.5万-3万,上海-静安,Python,5-10年,本科,北京仕邦达人力资源服务有限公司上海分公司,100-299人
数据分析师,1.5万-2.5万,上海-嘉定,MATLAB、Python、SQL,3-5年,本科,北京博网宇通信息技术有限公司,500-999人
数据分析助理(接受无经验),1.2万-1.5万,上海-奉贤,行业分析、运营数据分析、商业数据分析、销售数据分析,1-3年,本科,上海峪诚东信息科技有限公司,300-499人
数据分析实习生,400-500/天,上海-嘉定,Python、SPSS、EVIEWS、Stata、Matlab、R,无经验,本科,苏州准雀教育咨询有限公司,1000-9999人
数据分析实习生,7千-9千,上海-静安,SQL、Python、SPSS、Power BI、Tableau,无经验,本科,上海同界数据科技股份有限公司,20-99人
Power BI数据分析师-初级,5千-8千,上海-静安,Power BI、BI、数据分析、Tableau,不限,大专,敏捷艾科,20-99人
数据专员,1.2万-1.5万,上海-长宁,SQL、Excel,1-3年,本科,上海清赟医药科技有限公司,500-999人
高级数据分析师,1.5万-2万,上海-黄浦,SQL、Power BI、商业数据分析、运营数据分析、销售数据分析,3-5年,本科,和府捞面,500-999人
数据分析实习生（可远程）,400-500/天,上海-嘉定,Python、SPSS、EVIEWS、Stata、Matlab、R,无经验,本科,苏州准雀教育咨询有限公司,1000-9999人
数据分析项目助理,7千-1.1万,上海-静安,数据分析、MySQL、Python、Power BI、office、Tableau,1-3年,本科,上海同界数据科技股份有限公司,20-99人
数据分析咨询助理（上海电缆所）,8千-1.1万,上海-杨浦,数据挖掘,不限,本科,申能集团,500-999人
数据分析专员(J12590),8千-1万,上海-浦东,多元统计分析、因子分析、主成份分析、降维分析、信度分析,不限,大专,浙江天正电气股份有限公司,1000-9999人
数据分析（杨浦区）,7千-9千,上海-杨浦,SQL、Python、销售数据分析、财务数据分析,不限,本科,正德人力资源股份有限公司,10000人以上
BI数据分析师,1.5万-2.5万,上海-浦东,SQL、Tableau、Power BI、Stata、数据清洗、数据逻辑、BI系统,3-5年,本科,爱科迪斯(上海)技术工程有限公司,300-499人
数据分析资深专员,1.2万-1.8万,上海-嘉定,年终奖、八小时工作制、周末双休、五险一金、弹性工作制、环境好,1-3年,大专,上海识装信息科技有限公司,1000-9999人
大数据开发工程师,1万-1.8万,上海-浦东,Kafka、Hadoop、Hive,3-5年,本科,南京星邺汇捷网络科技有限公司,100-299人
数据处理工程师,1万-2万,上海-宝山,MATLAB、Python、机器学习、神经网络、Shell,不限,本科,南京思影科技有限公司,20-99人
电商数据分析师,1万-2万,上海,销售数据分析、运营数据分析,1-3年,本科,上海百秋新网商数字科技有限公司,1000-9999人
智能服务BU-数据分析师（保险）-上海,1.5万-2.5万,上海-长宁,惠民保、医保,5-10年,本科,科大讯飞,1000-9999人
【实习招聘】数据支持类-数据分析师,150-200/天,上海-黄浦,Java、Python,无经验,本科,上海城建城市运营(集团)有限公司,1000-9999人
数据调查分析（实习岗）,150-200/天,上海-浦东,数据分析、SPSS、机器学习、数据建模、Python、数据挖掘、数据治理、行业分析,无经验,本科,上海数治数据科技有限公司,20-99人
储备业务分析师（ABA）,8千-1万,上海-长宁,业务分析,不限,学历不限,欣和企业,1000-9999人
数据开发工程师,1万-2万,上海-徐汇,ETL、数据清洗、数据转换、数据提取、HIS、项目实施、Oracle、SQL,1-3年,本科,上海柯林布瑞信息技术有限公司,100-299人
电商数据分析师（ISV）,1.2万-2万,上海,运营数据分析、Python、SQL、Power BI、Tableau、数据银行、策略中心、生意参谋,3-5年,本科,上海百秋新网商数字科技有限公司,1000-9999人
数据分析工程师（上海）,1.5万-3万,上海-浦东,数据分析、数据建模、大数据平台、数据仓库,不限,本科,上海华讯网络系统有限公司,1000-9999人
数据分析师实习生,4千-8千,上海-普陀,数据分析、数据架构、数据采集、大数据分析、数据清洗、数据建模、Python,不限,本科,上海宇辰科技发展有限公司,20-99人
数据 分析师 统计师,1万-2万,上海-静安,商业数据分析、运营数据分析、销售数据分析,1-3年,本科,喜士多,1000-9999人
数据开发工程师,9千-1.8万,上海-浦东,ETL开发,3-5年,本科,郑州云计划软件科技有限公司,100-299人
人力数据分析员(实习)-0001,150-200/天,上海-徐汇,数据分析,无经验,本科,上海中智人才顾问咨询有限公司,20-99人
数据专员,6千-8千,上海,office,不限,本科,上海思勃商务咨询有限公司,20-99人
数据分析师-上海,1.1万-2万,上海-长宁,Power BI、Tableau、商业数据分析、Python,1-3年,本科,泰格医药,1000-9999人
数据分析实习生,100-150/天,上海-徐汇,数据可视化、数据库、ETL清洗,无经验,中专/中技,中国四达国际经济技术合作公司上海分公司,100-299人
初级数据分析工程师,1万-1.5万,上海-黄浦,SQL、运营数据分析,3-5年,本科,中国船舶集团海舟系统技术有限公司,100-299人
数据标注-周末双休、提供三餐,7千-1.1万,上海-徐汇,SQL,1-3年,本科,武汉佰钧成技术有限责任公司,1000-9999人
数据分析专员,1万-2万,上海-闵行,Tableau,3-5年,本科,旺旺集团,10000人以上
数据开发工程师—SJYY,1.2万-1.8万,上海-黄浦,数据治理,3-5年,本科,长城软件,1000-9999人
数据分析师（人力资源方向）-0001,8千-1.2万,上海-徐汇,人力资源方向、数据分析,1-3年,本科,上海中智人才顾问咨询有限公司,20-99人
Assistant Data & Analytics Manager ID132077,面议,上海-浦东,银行,1-3年,本科,汇丰银行（中国）有限公司,1000-9999人
资深数据分析员,1.5万-2万,上海-静安,商业数据分析、运营数据分析、销售数据分析,3-5年,大专,思播(上海)市场营销策划有限公司,500-999人
数据分析-邮惠万家银行,1.5万-2万,上海,数据分析,3-5年,本科,中邮邮惠万家银行有限责任公司,100-299人
JAVA及数据库工程师（实习）,4千-5千,上海-普陀,Java、编程、软件、工程师、SQL、数据库、研发、程序,不限,本科,上海必盈特软件系统有限公司,20-99人
数据专员,8千-1.2万,上海-普陀,SQL、Tableau、回归分析、Power-BI、多元统计分析、因子分析,1-3年,本科,上海安点企业管理咨询有限公司,20-99人
数据分析师【智能驾驶】,1.5万-2万,上海-浦东,SQL、SPSS、SAS、商业数据分析、运营数据分析、销售数据分析,3-5年,本科,深圳南区人瑞人力资源服务有限公司,10000人以上
数据分析（实习生）,150-200/天,上海,MySQL、SQL Server、SQL、数据分析,无经验,本科,上海嘉勉信息技术有限公司,20-99人
业财分析（外企福利多）,7千-1万,上海-黄浦,运营数据分析、财务数据分析、行业分析,1-3年,本科,凯捷中国,1000-9999人
数据分析实习生（上海）,3千-4千,上海-长宁,数据分析、数据采集、数据仓库、数据挖掘,无经验,本科,上海华讯网络系统有限公司,1000-9999人
知名日企市场数据分析员-英语4964,1.7万-1.8万,上海-长宁,市场数据、销售数据、转化率、电商,3-5年,本科,上海霓索人力资源服务有限公司,20人以下
数据开发工程师,1.5万-2.5万,上海-浦东,数据建模、数仓开发、Hive,不限,本科,兆尹科技,1000-9999人
数据分析师（BI）,2万-2.8万,上海-静安,SQL,5-10年,本科,上海云盛科技发展有限公司,20人以下
数据分析（此岗位Base安吉）,2万-3万,上海-黄浦,Python、SQL、运营数据分析、销售数据分析,3-5年,本科,车主邦(北京)科技有限公司,1000-9999人
数据开发工程师,1.5万-1.8万,上海-浦东,报表开发、ETL开发、数据中台、Oracle,3-5年,本科,中电金信软件有限公司,10000人以上
数据分析师工程师（应届生）,8千-1.5万,上海-闵行,运营数据分析,不限,本科,上海衍梓智能科技有限公司,20-99人
数据分析 (Contractor) G00889,1.2万-1.5万,上海-浦东,Python、R语言、Tableau、Power BI、商业数据分析、运营数据分析、销售数据分析,3-5年,本科,上海东浩人力资源有限公司,100-299人
JAVA及数据库工程师,6千-1.2万,上海-普陀,Java、SQL、Oracle、编程、程序、数据库、软件工程师、大数据,1年以下,本科,上海必盈特软件系统有限公司,20-99人
商业数据分析主管/经理,1万-2万,上海-长宁,数学/统计学专业,3-5年,本科,欣和企业,1000-9999人
项目分析员,1万-1.5万,上海-浦东,金融数据分析,1年以下,本科,百骏山商务信息咨询(上海)有限公司,20-99人
数据分析专员,1.5万-2万,上海-浦东,SQL、Python、关联分析、商业数据分析、运营数据分析、销售数据分析、行业分析、舆情分析,3-5年,本科,森女部落(上海)数字科技有限公司,20-99人
经营分析岗,9千-1万,上海-青浦,金融、数学/统计学专业,1-3年,本科,亚士创能,1000-9999人
供应链数据专员,1.3万-1.5万,上海-徐汇,Power BI、POWER QUERY、SAP,1-3年,本科,上海迪孚人力资源服务有限公司,100-299人
运行管理分析师,1.5万-2.4万,上海-徐汇,运营数据分析、行业分析,3-5年,本科,上海市糖业烟酒(集团)有限公司,1000-9999人
销售数据分析员,8千-1.2万,上海-静安,数据分析、销售管理、批发/零售,不限,大专,上海恩斯凯轴承有限公司,300-499人
时事记录员（周末双休，六险二金）,面议,上海-浦东,运营数据分析、销售数据分析、商业数据分析、金融数据分析、财务数据分析、游戏数据分析、行业分析、舆情分析,不限,大专,中国平安,10000人以上
BI工程师,9千-1.4万,上海-静安,Power BI、数据仓库、Oracle、MySQL、SQL Server、BI、数据可视化,1-3年,大专,敏捷艾科,20-99人
数字化专员(J10172),1万-2万,上海-宝山,数字化项目、系统分析,5-10年,本科,上海申和投资有限公司,1000-9999人
数据处理助理,6千-8千,上海-徐汇,判别分析,1-3年,本科,上海福蓝汽车技术有限公司无锡分公司,20-99人
数据开发工程师,1.5万-2.5万,上海-浦东,SQL、ETL、数据仓库、Teradata,3-5年,本科,博彦科技,10000人以上
大数据开发工程师,1.5万-2.1万,上海-浦东,Hadoop、数仓开发、Oracle、Hive、Python、数据平台、Spark,3-5年,本科,彩讯科技,1000-9999人
默克数据分析实习生,140-170/天,上海-浦东,商业数据分析,无经验,本科,科锐国际,1000-9999人
大数据分析工程师,1.3万-2.5万,上海,SQL、Python、GIS工具,1-3年,本科,上海市新能源汽车公共数据采集与监测研究中心,20-99人
数据专员-医疗信息化,8千-1.6万,上海-杨浦,行业分析、商业数据分析、运营数据分析、财务数据分析、销售数据分析,3-5年,本科,上海熙软科技有限公司,500-999人
大数据开发工程师,1.2万-2万,上海-黄浦,Kettle、SQL、Datastage、ODI,1-3年,本科,上海晨钦信息科技服务有限公司,1000-9999人
电商数据分析师-奢品,8千-1.2万,上海-静安,Python,1-3年,本科,上海宝尊电子商务有限公司,1000-9999人
数据分析（应届生&在校生）,1.5万-1.8万,上海-长宁,数据分析、大数据分析、商业数据分析、Java、Python、R语言、SQL、市场数据分析,不限,硕士,上海初橙企业管理有限公司,20-99人
Jr. Analyst / Jr. Consultant ID129130,8千-1.2万,上海-黄浦,人力资源SAAS,1年以下,本科,菁淼(上海)管理咨询有限公司,20-99人
数据开发工程师,1.2万-1.8万,上海-浦东,数据挖掘、数据治理、报表开发、ETL开发、数仓开发、Oracle、MySQL、TDSQL,1-3年,本科,中科软科技股份有限公司,1000-9999人
大数据开发工程师,1.6万-2.5万,上海-浦东,SQL、数据仓库、大数据开发、Hadoop、Spark、Kafka、ETL,3-5年,本科,宜通华瑞,1000-9999人
数据开发工程师,1.5万-2万,上海-静安,Oracle、SQL、反洗钱,3-5年,本科,原子猫科技(北京)有限公司,20-99人
Data analyst,2.3万-3万,上海-杨浦,Python、Power BI、机器学习、TO B、SOCIAL MEDIA,5-10年,本科,北京仕邦达人力资源服务有限公司上海分公司,100-299人
监控数据分析员（可提供住宿）,4千-6千,上海,数据分析,不限,大专,宝星智能科技(上海)有限公司,300-499人
数据开发工程师,1.8万-3.5万,上海-浦东,数据挖掘、数仓开发、Python、Shell、Java、Scala、Hadoop、Hive,不限,本科,外企德科,1000-9999人
大数据分析与运用岗G03959,1万-1.2万,上海-青浦,数据分析,无经验,硕士,上海东浩人力资源有限公司,100-299人
数据处理工程师,1万-1.3万,上海-浦东,Python、MATLAB,无经验,本科,创耀(苏州)通信科技股份有限公司,100-299人
数据分析师-上海,1万-2万,上海-徐汇,行业研究、市场研究、定量研究、定性研究、咨询顾问,不限,硕士,零氪信息技术(北京)有限公司,1000-9999人
大数据开发工程师,1.2万-1.4万,上海-浦东,Hadoop、ETL开发、Flink,1-3年,本科,凌志软件,1000-9999人
数据分析可视化报告数据处理,9千-1.5万,上海-浦东,Python、SQL、Tableau,1-3年,大专,外企德科,1000-9999人
数据分析实习生 (MJ002003),50-80/天,上海,Python、金融数据分析,无经验,本科,上海东证期货有限公司,500-999人
数据管理员,1.5万-3万,上海,运营数据分析,3-5年,本科,国药控股股份有限公司,10000人以上
大数据开发工程师,1.8万-2.2万,上海-浦东,数据治理、数仓开发、Oracle、Hive,3-5年,本科,厦门至恒融兴信息技术股份有限公司,1000-9999人
数据分析（BA）,1.5万-2万,上海-浦东,数据分析,3-5年,本科,上汽通用汽车金融,500-999人
【2023届应届毕业生】业务数字化伙伴,1万-1.2万,上海-黄浦,SPSS、SQL、分类算法、商业数据分析、运营数据分析、财务数据分析,不限,本科,上海城建城市运营(集团)有限公司,1000-9999人
总部数据支持岗,1万-1.3万,上海-浦东,SAS、SQL、R语言、Python,不限,硕士,中国大地财产保险股份有限公司,10000人以上
数据质控专家,9千-1.5万,上海-青浦,Tableau、Power BI、运营数据分析、商业数据分析,1-3年,大专,淮安正悦供应链管理服务有限公司,1000-9999人
大数据开发工程师,1.1万-2.2万,上海-浦东,Shell、Hive、ETL开发、数据平台,5-10年,本科,维恩贝特科技有限公司,500-999人
大数据开发工程师,1万-2万,上海-浦东,Python、Hadoop、Flink、Shell、Spark、HIVE,5-10年,本科,厦门至恒融兴信息技术股份有限公司,1000-9999人
大数据开发工程师,1万-1.5万,上海-闵行,大数据开发、数据清洗、模型设计、Hive,1-3年,本科,福建左海科技有限公司,500-999人
BI数据可视化开发工程师(R、Python),1.7万-3万,上海-长宁,Python、R语言、Power BI、数据可视化,5-10年,本科,上海复深蓝软件股份有限公司,1000-9999人
数据分析师（数据可视化）,1.5万-2.5万,上海-浦东,数据分析、Tableau、Spark、Hadoop、Python、R语言、SQL、运营数据分析,3-5年,本科,万宝盛华,1000-9999人
资深数据加工工程师,6千-1.2万,上海-长宁,汽车后市场、汽车主机厂、保险理赔、运营数据分析,5-10年,大专,郑州阳杰汽车配件有限公司,500-999人
资深数据应用分析经理,2.5万-4万,上海-浦东,分类算法、商业数据分析、多元统计分析、运营数据分析、金融数据分析,10年以上,本科,交银企业管理服务(上海)有限公司张江高科技园区分公司,1000-9999人
大数据开发工程师,1.5万-3万,上海-浦东,数据仓库、数据处理、数据挖掘、数据库开发,3-5年,本科,安图生物,1000-9999人
大数据开发工程师,1.9万-3万,上海-浦东,大数据开发、ETL、Hadoop、Java、Spark、HIVE,3-5年,本科,宜通华瑞,1000-9999人
经营分析（23届）,8千-1万,上海-奉贤,财务数据分析、销售数据分析、运营数据分析,无经验,本科,科丝美诗(中国)化妆品有限公司,1000-9999人
物流数据分析G03830,8千-1.3万,上海-浦东,物流、仓储、数据分析、excel、BI,1-3年,本科,上海东浩人力资源有限公司,100-299人
快递数据分析员,5千-7千,上海,八小时工作制、餐补、年终奖,不限,本科,中通快递,10000人以上
数据应用分析工程师,8千-1.4万,上海-嘉定,数据分析、MySQL、Python,5-10年,本科,安科瑞,1000-9999人
Data Analyst（6个月）,9千-1.2万,上海-黄浦,Power BI、R语言、Python,不限,本科,万宝盛华企业管理咨询(上海)有限公司石家庄分公司,10000人以上
测试数据分析员（上海）,7千-1.2万,上海-浦东,Python、自动驾驶数据分析、实车测试数据分析,1-3年,大专,中科创达软件股份有限公司,1000-9999人
数据开发工程师,1.8万-2.4万,上海-浦东,Python、Scala、数据挖掘、SQL Server、数据中台,5-10年,本科,沈阳思诺科技有限公司,100-299人
BI报表开发工程师,1.5万-2.1万,上海-浦东,Kettle、Oracle、MySQL、帆软报表、报表开发、FineReport,3-5年,本科,原子猫科技(北京)有限公司,20-99人
数据处理工程师,150-200/天,上海,SQL、Python,无经验,大专,上海嘉勉信息技术有限公司,20-99人
高级数据分析师（数据科学）,1万-2万,上海,商业分析、数据挖掘、Python、数据建模、机器学习、商业智能,1-3年,本科,上海衍梓智能科技有限公司,20-99人
数据分析经理,2.5万-3.5万,上海-浦东,Python、SQL、销售数据分析、运营数据分析、商业数据分析、行业分析,3-5年,本科,上海金润联汇数字科技有限公司,100-299人
有源业务工程师,1万-1.5万,上海-浦东,财务数据分析,1-3年,本科,微创医疗,1000-9999人
商业数据分析经理,2.5万-3.5万,上海-浦东,SFE、医疗行业、供应链,5-10年,本科,上海杰艾企业管理咨询有限公司,500-999人
商业数据分析,1.5万-2.2万,上海,Python、数据建模、需求分析、R语言、商业分析、数据采集,1-3年,本科,外企德科,1000-9999人
数据开发工程师,2.5万-4万,上海-浦东,Python、SQL Server,不限,本科,北京仕邦达人力资源服务有限公司上海分公司,100-299人
高级商业智能分析师,1.5万-2万,上海-黄浦,商业数据分析,3-5年,本科,天津优悦产业管理有限公司,20-99人
数据标注员/数据分析,5千-9千,上海-杨浦,文本标注、图像标注,1-3年,大专,北京文德数慧科技发展有限责任公司,500-999人
研究员（数学背景）,1万-2万,上海-徐汇,关联分析,不限,本科,上海点莘技术有限公司,20人以下
数据开发工程师,1.5万-2万,上海,数据库开发、ETL、BI、大数据平台、数仓开发、SparkSQL、DB2、数据仓库,3-5年,学历不限,上海普瑞邦克软件技术有限公司,100-299人
大数据开发工程师,1万-2万,上海-闵行,数据中台、数据治理、Java、Hadoop、Hive、Spark、Flink、数据平台,不限,本科,上海奕盛软件有限公司,20-99人
急招-【帆软】BI,1.5万-2.5万,上海-浦东,Java、Oracle、MySQL、SQL Server、FineReport、报表开发、SQL、FineBI,3-5年,本科,上海复深蓝软件股份有限公司,1000-9999人
数据分析师,7千-1.2万,厦门-集美,数据分析、噪声分析、Python、机器学习、多元统计分析,不限,本科,硕橙科技,20-99人
高级数据分析师,1.6万-3万,厦门-思明,SQL、Tableau、Hadoop、Power-BI,3-5年,本科,朴朴,10000人以上
数据分析师,5千-8千,厦门,保险、数学建模,不限,本科,太平洋产险,10000人以上
数据分析师,1.2万-1.5万,厦门,Python、SQL、SPSS、财务数据分析、商业数据分析,1-3年,本科,建发集团,10000人以上
数据分析师,5千-8千,厦门-同安,电商数据运营、销售数据运营、经营数据分析、市场数据分析、商业数据分析、行业数据分析,1-3年,大专,成都康惠净科技有限公司,20-99人
数据分析师,4千-6千,厦门-思明,销售数据分析、SPSS,1年以下,大专,厦门齐人心科技有限公司,300-499人
数据分析师,7千-1.4万,厦门-湖里,Python、SPSS、回归分析、多元统计分析、方差分析、效度分析,3-5年,学历不限,厦门南天竺管理咨询有限公司,20-99人
数据分析师,1.2万-2.4万,厦门-集美,Python、机器学习、行业分析,1-3年,本科,网宿科技,1000-9999人
数据分析师,1万-1.5万,厦门-海沧,数据分析、数据挖掘、BI、Python、市场数据分析、销售数据分析、经营数据分析、电商数据分析,3-5年,本科,国药控股股份有限公司,10000人以上
数据分析助理,7千-1.4万,厦门-集美,行业分析、数据建模、数据清洗、需求分析、数据架构、数据挖掘、商业数据分析、数据分析,不限,本科,厦门精探企业咨询管理有限公司,20-99人
数据分析岗,7千-9千,厦门,销售数据分析、金融数据分析、行业分析,不限,本科,中国平安财产保险股份有限公司厦门分公司,500-999人
助理分析师,5千-7千,厦门,运营数据分析,1年以下,本科,名鞋库,500-999人
数据分析专员,1万-1.5万,厦门-思明,Python、SQL、商业数据分析、行业分析、SPSS、Power BI、运营数据分析、销售数据分析,不限,大专,厦门万银智能科技有限公司,20人以下
数据分析师（文本分析方向）,6千-8千,厦门,Python,1-3年,本科,厦门快商通科技股份有限公司,100-299人
跨境电商数据分析师,8千-1万,厦门,数据建模,不限,本科,厦门沃德丰贸易有限公司,20-99人
市场分析师,8千-1.4万,厦门-思明,商业数据分析、行业分析、舆情分析,3-5年,本科,福建安泰新能源科技有限公司,500-999人
数据分析师,1.5万-2.5万,厦门-思明,ROC分析、分类算法、销售数据分析、运营数据分析、财务数据分析、R语言、Python,5-10年,本科,建发纸业,500-999人
数据分析师,1.2万-2万,厦门-集美,数据分析、Python、数据挖掘、机器学习、MySQL,3-5年,本科,网宿科技,1000-9999人
数据调查分析（实习岗）,150-200/天,厦门-思明,数据分析、SPSS、机器学习、数据建模、Python、数据挖掘、数据治理、行业分析,无经验,本科,上海数治数据科技有限公司,20-99人
百威报表数据分析师7K+五险一金+13薪,6千-9千,厦门-思明,SQL、Power BI、商业数据分析、销售数据分析、运营数据分析,不限,本科,上海外服杰浦企业管理有限公司,100-299人
每天工作5小时底薪5千数据分析员,9千-1.6万,厦门-集美,无销售性质、网络客服,1年以下,高中,厦门中网联科技有限公司,20-99人
渠道统筹专员（数据岗）,5千-7千,厦门,商业数据分析、销售数据分析、excel,1-3年,本科,特宝生物,1000-9999人
数据分析【7K+六险一金+双休】,6千-9千,厦门,数据分析、SQL、Python、销售数据分析、市场数据分析,1-3年,本科,麦田房产,10000人以上
大数据开发工程师,7千-1.2万,厦门-湖里,Python、MySQL、Oracle、数仓开发、数据建模、ETL开发,不限,本科,厦门和新科技有限公司,300-499人
数据运营管培生（理工科专业）,8千-1.3万,厦门,运营数据分析、理科专业、网感,不限,本科,厦门浪起文化传媒有限公司,100-299人
大数据开发工程师,7千-1.2万,厦门-湖里,数据挖掘、报表开发,不限,本科,国贸期货有限公司,300-499人
数据专员,6千-1万,厦门,SQL、行业分析、运营数据分析,1-3年,本科,特宝生物,1000-9999人
数据专员,4千-6千,厦门,运营数据分析、销售数据分析,不限,大专,厦门银信达资产管理有限公司,500-999人
经营分析经理,1.5万-2.7万,厦门-集美,经营策略、经营分析,不限,本科,上海杰艾企业管理咨询有限公司,500-999人
数据仓库开发工程师,8千-1.2万,厦门-集美,SQL、Kettle、MySQL、SQL Server、PostgreSQL、数仓开发、报表开发、数据采集,1-3年,本科,厦门一维天地信息技术有限公司,20-99人
数据分析专家【双休+六险二金】,9千-1.6万,厦门,Tableau、SPSS、SAS、Python、数据库、Power-BI、R,3-5年,本科,麦田房产,10000人以上
高级数据分析师,1.5万-2.5万,厦门-集美,数据分析、Python、决策树、聚类、回归分析、NumPy、描述统计,3-5年,本科,硕橙科技,20-99人
数据开发工程师（2023届校园招聘）,150-200/天,厦门-思明,Java、Oracle,无经验,本科,新意科技,500-999人
经营分析经理,1.2万-2万,厦门-思明,经营分析、业务诊断、业务规划、数据分析、SQL、损益复盘、新零售,5-10年,本科,朴朴,10000人以上
数据开发工程师-班车+住宿+双休+六险一金,1万-1.4万,厦门-同安,Hadoop、SQL,3-5年,本科,厦门至恒融兴信息技术股份有限公司,1000-9999人
人事数据管理专家,8千-1.3万,厦门-思明,excel、SQL、Power BI、Python,1-3年,本科,百威,10000人以上
中级数据开发工程师,1.3万-1.4万,厦门-同安,Scala、MySQL、Sybase、Shell,3-5年,本科,神州通誉软件(上海)股份有限公司,500-999人
数据开发工程师,9千-1.5万,厦门-思明,web前端,3-5年,本科,浙江邦芒数据有限公司,1000-9999人
海洋数模工程师,1万-2万,厦门,海洋数值模型、MIKE21、FVCOM、水动力数值模拟,1-3年,本科,福建海洋工程咨询服务有限公司,100-299人
数据开发工程师,1.2万-1.7万,厦门-湖里,数据挖掘、数仓开发、报表开发、实时数仓、数据建模、数据治理,3-5年,本科,厦门至恒融兴信息技术股份有限公司,1000-9999人
数据开发工程师,1.5万-2.5万,厦门-思明,数据分析、大数据平台、需求分析、ETL、商业数据分析、Hadoop、经营数据分析,5-10年,本科,九牧王,1000-9999人
人事数据专家,8千-1.4万,厦门-思明,SQL、Python、数据治理、报表开发、数据可视化、Power BI、Tableau,1-3年,本科,百威,10000人以上
索康尼 高级/资深数据分析专员(J12693),1万-1.5万,厦门-思明,商业数据分析、运营数据分析、销售数据分析,3-5年,大专,特步（中国）有限公司,1000-9999人
数据开发工程师,5千-9千,厦门-集美,Kettle、Powercenter、Flume、Datastage、ODI、HIVE、Zookeeper,不限,大专,厦门小柠信息科技有限公司,20人以下
数据研究员,1万-1.5万,厦门,金融、数据分析、经济分析、行业分析、期货数据分析,1-3年,本科,坤健控股(厦门)有限公司,100-299人
初级数据开发工程师,8千-1万,厦门-思明,Java、Oracle、存储过程开发,1-3年,本科,新意科技,500-999人
Data Steward,8千-1.3万,厦门-思明,Python、SQL、Power BI、商业数据分析、财务数据分析、行业分析、销售数据分析、运营数据分析,3-5年,本科,百威,10000人以上
汽配数据工程师,8千-1万,厦门-集美,SQL,1-3年,大专,广东三头六臂信息科技有限公司,500-999人
市场数据分析员,5千-1万,厦门,行业分析、电子/半导体、汽车行业,3-5年,大专,厦门市铂联科技股份有限公司,500-999人
大数据开发工程师（提供住宿+六险一金+双休）,1.1万-1.4万,厦门-同安,Hadoop、数仓开发、数据中台、数据建模、数据治理、实时数仓、SmartBI、银行,3-5年,本科,厦门至恒融兴信息技术股份有限公司,1000-9999人
经营分析经理,1.2万-2.2万,厦门-集美,数学/统计学专业,5-10年,本科,时代电服科技有限公司,500-999人
Power BI工程师,8千-1.4万,厦门-思明,Power BI,不限,本科,百威,10000人以上
数据质量工程师,1.1万-1.6万,厦门-思明,SQL、数据治理、数据质量,1-3年,本科,先进数通,1000-9999人
大数据平台开发工程师,1万-1.7万,厦门-同安,Java、数据平台,3-5年,本科,福建美亚国云智能装备有限公司,20-99人
数据开发工程师,1万-1.3万,厦门-湖里,SQL、ETL,3-5年,本科,厦门至恒融兴信息技术股份有限公司,1000-9999人
BI工程师,9千-1.2万,厦门-湖里,Hadoop、Hive、Impala、数据治理、数据挖掘、数据采集、报表开发、FineBI,1-3年,本科,厦门与狼共舞时装有限公司,500-999人
数据开发工程师,1.3万-1.8万,厦门-思明,ETL开发、Java,3-5年,大专,汇鑫小贷,20-99人
数据开发工程师,1.2万-1.8万,厦门-思明,Java、Python、Shell,3-5年,大专,法本信息,1000-9999人
BI实施工程师(J11018),9千-1.5万,厦门-湖里,Java、SQL,1-3年,本科,厦门亿联网络技术股份有限公司,1000-9999人
大数据开发工程师,1万-2万,厦门-思明,Python、Hadoop、Flink、Shell、Spark、HIVE,5-10年,本科,厦门至恒融兴信息技术股份有限公司,1000-9999人
大数据开发工程师,1.5万-2万,厦门,Hadoop、数仓开发、HDFS、Spark、ETL开发,3-5年,本科,厦门四信,500-999人
经营推动专员,9千-1.4万,厦门,经营分析、经营管理,3-5年,本科,九牧厨卫股份有限公司,10000人以上
帆软报表开发工程师,1.2万-1.8万,厦门-海沧,FCRP,3-5年,本科,法本信息,1000-9999人
大数据开发工程师,1.6万-2万,厦门-集美,Java、Python,5-10年,本科,立林科技,1000-9999人
大数据开发工程师,1.2万-1.6万,厦门-同安,Oracle、Hive、数据平台,3-5年,本科,厦门至恒融兴信息技术股份有限公司,1000-9999人
中级大数据开发工程师,9千-1.5万,厦门-翔安,数据运维、数据建模、Hadoop、Spark、Storm、Sqoop、Hive,3-5年,本科,厦门弘信电子科技集团股份有限公司,1000-9999人
业务自动化,8千-1万,厦门-思明,商业数据分析、运营数据分析、行业分析、销售数据分析、财务数据分析、风控数据分析,3-5年,大专,厦门万银智能科技有限公司,20人以下
中级数据开发工程师,1万-1.8万,厦门-思明,Java、Oracle、存储过程开发,3-5年,本科,新意科技,500-999人
大数据开发工程师,1.2万-1.6万,厦门-思明,大数据开发、数据治理、Java、Hadoop、Hive,3-5年,本科,美亚柏科,1000-9999人
软件工程师（ETL）-大数据开发一部-厦门,1.3万-1.8万,厦门-思明,ETL、数据开发、银行,3-5年,本科,厦门至恒融兴信息技术股份有限公司,1000-9999人
BI工程师,9千-1.8万,厦门,BI、驾驶舱、MySQL、数据库、FineReport、帆软报表、模型设计、ETL,5-10年,本科,清源科技,500-999人
大数据开发工程师,8千-1.6万,厦门-思明,Hadoop、Java、HIVE,3-5年,本科,福建青网网络科技有限公司,100-299人
大数据开发工程师,1.8万-2.2万,厦门-思明,Hive、Flink、Hbase、ES,5-10年,本科,天亿矩泽(北京)风险管理科技有限公司,300-499人
BI工程师,6千-1.1万,厦门,DATA GOVERNANCE、BI、Java,3-5年,大专,冠捷科技,10000人以上
MES资工/专家（新厂8.6代线）,1.5万-2.5万,厦门-翔安,数据可视化,5-10年,本科,中国航空技术国际控股有限公司,10000人以上
大数据开发工程师,1.6万-2万,厦门-集美,Java、Python,3-5年,本科,立林科技,1000-9999人
Java开发工程师（大数据）,1.3万-2.3万,厦门-海沧,数据结构、Linux、SQL、MySQL、Hadoop、全栈开发、高级软件工程师,3-5年,本科,福建易华录信息技术有限公司,100-299人
大数据开发工程师,1.2万-2.4万,厦门-集美,Java,3-5年,本科,网宿科技,1000-9999人
BI工程师,6千-1.2万,厦门,Java、Tableau、Power BI,3-5年,大专,冠捷科技,10000人以上
数据专员（周末双休+五险一金),4千-6千,厦门-思明,金融业,不限,大专,厦门银信达资产管理有限公司,500-999人
数据专员【六险一金】,6千-8千,厦门-湖里,Python、SQL、R语言、Tableau,不限,本科,厦门一抠能源技术有限公司,100-299人
商品数据分析,7千-9千,厦门-思明,数据分析、商品、服装,3-5年,大专,福建柒牌集团有限公司,10000人以上
数据专员 4.5-5.5K,4千-5千,厦门-思明,金融业,不限,大专,厦门银信达资产管理有限公司,500-999人
资金信息化专员（国企/16薪）,8千-1.2万,厦门-湖里,资金系统、资金业务,1-3年,本科,北京外企人力资源服务福建有限公司,1000-9999人
数字经营专员(J11340),4千-6千,厦门-同安,批发/零售,不限,大专,乐禾食品集团股份有限公司,1000-9999人
服务报表与驱动专员,6千-9千,厦门-思明,Power BI、制造业、数据分析、报表分析、业务驱动,3-5年,本科,林德(中国)叉车有限公司,1000-9999人
苹果数据专员,5千-8千,厦门-思明,批发/零售,1-3年,大专,天音通信控股股份有限公司,1000-9999人
企划主管-会员系统,6千-8千,厦门,SPSS,1-3年,本科,SM广场,100-299人
初级数据分析师（可小白）,4千-7千,深圳-南山,Shell、Tableau、Power BI,不限,大专,深圳市特维拓科技有限公司,20-99人
数据分析师,8千-1.1万,深圳,Java、Python、SQL,不限,本科,深圳市侑懿腾科技有限公司,300-499人
风控数据分析师,1.1万-1.8万,深圳-龙岗,Python、SQL,1-3年,本科,深圳市智胜益辉科技有限公司,20-99人
初级数据分析师（可小白）,4千-7千,深圳-宝安,Shell、Tableau、Power BI,不限,大专,深圳市特维拓科技有限公司,20-99人
产品数据分析师,1万-1.5万,深圳-龙华,电商产品、供应链产品,1-3年,本科,深圳市众思阁科技有限公司,100-299人
数据分析师,1.2万-2.4万,深圳-龙岗,Power BI、Tableau、Java、Python、运营数据分析,1-3年,硕士,深圳市龙岗区智城大数据有限公司,20-99人
大数据分析师助理,5千-7千,深圳-福田,SQL、Shell,不限,本科,深圳市特维拓科技有限公司,20-99人
数据分析师,1.3万-1.8万,深圳-福田,Python、SQL、MYSQL，ORACLE,3-5年,本科,深圳市睿服科技有限公司,1000-9999人
高级数据分析师-数据挖掘岗(009141),面议,深圳-福田,数据挖掘,3-5年,本科,中信银行信用卡中心,1000-9999人
数据分析师,1.2万-1.8万,深圳,Python、Tableau,3-5年,本科,深圳西杰信息技术有限公司,100-299人
数据分析师,1.4万-1.8万,深圳-福田,金融数据分析、Tableau,3-5年,本科,北京开科唯识技术股份有限公司深圳分公司,1000-9999人
数据分析师课程深圳/培训招生,6千-8千,深圳-龙岗,数据分析、Java、Python,1-3年,大专,51Testing,100-299人
数据分析师,7千-1.2万,深圳-龙岗,数据分析、数据挖掘、SQL、MySQL,1-3年,大专,深圳诺诺网科技有限公司,20-99人
数据处理,7千-1.2万,深圳-龙岗,数据分析、SQL,1-3年,大专,深圳市湘盛电路科技有限公司,20-99人
数据分析师,7千-9千,深圳-宝安,SQL,无经验,本科,深圳市百数科技有限公司,100-299人
数据分析,7千-1万,深圳-福田,数据分析,1-3年,本科,深圳中南人才集团有限公司,1000-9999人
数据分析师,8千-1万,深圳-龙岗,数据建模、数据分析、数据挖掘、大数据分析、数据采集、商业数据分析、SPSS,1-3年,本科,深圳市诚则成房地产管理顾问有限公司,100-299人
数据分析师,7千-1.2万,深圳-福田,Excel,1-3年,大专,深圳市酷安智能科技有限公司,20-99人
数据分析,7千-9千,深圳,Oracle、数据建模、SQL、SQL语言、SEVER、Python、R语言、Tableau,不限,本科,深圳市宝建投智能科技有限公司,100-299人
数据分析师,9千-1.6万,深圳,Python、SQL、销售数据分析、运营数据分析,1-3年,本科,前海容安供应链管理(深圳)有限公司,1000-9999人
数据分析师,7千-1.2万,深圳-福田,数据分析,不限,本科,科锐尔人力资源服务(苏州)有限公司,1000-9999人
数据分析师,1万-1.5万,深圳-福田,SPSS、SQL,不限,大专,外企德科,1000-9999人
数据分析师,1万-1.5万,深圳,Python、SQL、Power BI、聚类算法、回归算法、运营数据分析,1-3年,本科,影儿时尚集团,1000-9999人
数据分析师,8千-9千,深圳-福田,Python、数据挖掘、数据分析、数据建模、SQL、数据仓库,不限,本科,招银金融信息服务（深圳）有限公司,1000-9999人
数据分析,5千-8千,深圳-宝安,SAS,1-3年,本科,深圳市百数科技有限公司,100-299人
数据分析,8千-1.2万,深圳-福田,数据分析,1-3年,本科,科锐尔人力资源服务(苏州)有限公司,1000-9999人
数据分析师,1.5万-2万,深圳-罗湖,Python、SQL、运营数据分析,1-3年,本科,熠保科技(上海)有限公司,100-299人
数据分析师,1万-1.9万,深圳-福田,Python、Hive、SQL、机器学习、数据挖掘,1-3年,本科,深圳市紫川软件有限公司,500-999人
数据分析师,1.2万-2.4万,深圳-南山,SQL、运营数据分析,不限,大专,加空间科技(深圳)有限公司,20-99人
数据分析师,1万-1.8万,深圳-南山,SQL、Power BI、销售数据分析、商业数据分析、运营数据分析、行业分析、可视化看板,3-5年,本科,海创半导体科技(深圳)有限公司,20-99人
数据分析师,1.4万-2.8万,深圳-福田,SQL、数据分析、数据挖掘、大数据分析,不限,本科,鼎力可持续数字科技(深圳)有限公司,20-99人
数据分析师,8千-1.2万,深圳-龙华,数据分析,3-5年,本科,海目星激光科技集团股份有限公司,1000-9999人
数据分析师,1万-2万,深圳-南山,Python、SQL、R语言,1-3年,本科,淘礼礼贸易(深圳)有限公司,20-99人
数据分析师,2万-4万,深圳-龙岗,SQL,不限,本科,外企德科,1000-9999人
数据分析,面议,深圳-龙岗,Java、报表开发、数据仓库、数据可视化、Spark、Power BI、Tableau、FineBI,1-3年,本科,中软国际,10000人以上
数据分析师,1.4万-1.6万,深圳-南山,Python、SQL、Shell、Tableau、金融数据分析,3-5年,本科,中电金信软件有限公司,10000人以上
数据分析师,1.3万-2万,深圳,SQL、数据分析 数据挖掘 大数据分析,1-3年,本科,鼎力可持续数字科技(深圳)有限公司,20-99人
数据分析师,1.5万-1.8万,深圳-南山,Power BI、运营数据分析、风控数据分析、SQL,3-5年,本科,深圳市君润众乐数字科技有限公司,1000-9999人
数据分析师,1.5万-2.2万,深圳,Python,1-3年,本科,深圳市鑫贝帝科技有限公司,100-299人
数据处理,面议,深圳,Python、Java、Shell、Power BI、Tableau、Stata,1-3年,本科,中软国际,10000人以上
数据分析师,1.3万-1.7万,深圳-福田,SAS、SPSS、MODELER、数据统计分析与建模、数据提取,3-5年,本科,深圳市紫川软件有限公司,500-999人
数据分析师,1.9万-2.4万,深圳-南山,SAS、SQL、财务数据分析、金融数据分析、风控数据分析,1-3年,本科,中电金信软件有限公司,10000人以上
初级数据分析,9千-1.4万,深圳-福田,Python、SQL、关联分析、销售数据分析,1年以下,大专,深圳市悠悠然科技有限公司,100-299人
数据分析师助理,8千-1.2万,深圳-龙岗,数据分析,1-3年,大专,深圳市森迅科技有限公司,100-299人
数据分析助理,7千-1万,深圳-宝安,SQL,不限,大专,深圳海蓝鲸电子商务有限公司,20-99人
数据分析助理,7千-1.4万,深圳-宝安,Python、SQL、商业数据分析、金融数据分析、运营数据分析,不限,本科,深圳市创宇飞科技有限公司,100-299人
数据分析专员,5千-6千,深圳-宝安,数据分析、Excel,不限,大专,深圳市万年鑫电子商务有限公司,100-299人
大数据分析师助理,5千-7千,深圳-龙岗,SQL、Shell,不限,大专,深圳市特维拓科技有限公司,20-99人
数据分析师（助理）,8千-1.2万,深圳-南山,Tableau、Power BI、Kettle,不限,本科,贵州省创敢科技有限责任公司,20人以下
商业数据分析,8千-1.3万,深圳-宝安,金融、电商、生活服务/O2O、SQL、电商类产品、平台类产品、游戏类产品、项目型产品,不限,大专,深圳海蓝鲸电子商务有限公司,20-99人
数据分析师——银行,1万-1.5万,深圳-南山,Python、R语言,1-3年,本科,京北方,10000人以上
数据分析师助理,7千-1.3万,深圳-宝安,机器学习、决策树、关联分析、多元统计分析、商业数据分析、SQL、Python,不限,本科,深圳市创宇飞科技有限公司,100-299人
大数据分析师助理,5千-7千,深圳-罗湖,SQL、Shell,不限,本科,深圳市特维拓科技有限公司,20-99人
大数据分析师助理,8千-1.4万,深圳-南山,Python、SQL,不限,大专,加空间科技(深圳)有限公司,20-99人
数据分析专员,8千-1.2万,深圳-龙岗,Python、SQL,不限,大专,陕西览宏电子科技有限公司,20人以下
数据分析助理,7千-1万,深圳,SQL、excel,不限,本科,深圳市易数捷科技有限公司,20-99人
大数据分析师助理,7千-1.3万,深圳-宝安,机器学习、决策树、分类算法、多元统计分析、关联分析、聚类算法、Python、SQL,不限,本科,深圳市创宇飞科技有限公司,100-299人
财务分析（数据分析）,5千-8千,深圳-罗湖,运营数据分析、销售数据分析、财务数据分析,不限,本科,丝路视觉,1000-9999人
数据分析专员,7千-1.2万,深圳-龙岗,Java、Python,1-3年,大专,深圳市湘盛电路科技有限公司,20-99人
数据分析岗,8千-1.2万,深圳,数据分析,1-3年,本科,深圳市天威视讯股份有限公司,1000-9999人
数据分析助理,7千-1.2万,深圳-南山,舆情分析媒体监控、数据分析、广告分析、舆情分析、舆情监测、广告监测、数据统计、数据分析助理,1-3年,大专,深圳中科睿志科技有限公司,100-299人
数据分析专员,6千-1万,深圳-光明,财务数据分析、金融数据分析、关联分析、监控系统,不限,大专,浙江然自芯环保科技有限公司,100-299人
平台数据分析,7千-1.2万,深圳-宝安,SQL、商业数据分析、运营数据分析、销售数据分析、财务数据分析、金融数据分析、游戏数据分析、风控数据分析,1-3年,大专,深圳海蓝鲸电子商务有限公司,20-99人
数据分析师助理,7千-1万,深圳,Python、SQL、方差分析、商业数据分析、金融数据分析,不限,大专,深圳杰么厉害科技有限公司,20-99人
数据分析专员,6千-1.2万,深圳-宝安,财务数据分析、金融数据分析、商业数据分析、Power BI、Python,不限,大专,深圳市创宇飞科技有限公司,100-299人
数据分析专员,8千-1.3万,深圳-南山,统计学、运筹学、应用数学、行业分析、计算机,1-3年,大专,深圳中科睿志科技有限公司,100-299人
游戏数据分析师,1万-1.1万,深圳-南山,SPSS、SQL、游戏数据分析、Hadoop、数据挖掘、HIVE SQL,1-3年,本科,中电金信软件有限公司,10000人以上
数据分析专员,5千-1万,深圳-龙岗,数据分析、Python、Tableau、商业数据分析、市场数据分析,不限,大专,深圳市智胜益辉科技有限公司,20-99人
亚马逊数据分析,9千-1.4万,深圳-龙岗,Python、运营数据分析、销售数据分析、excel,1-3年,本科,深圳佰特创新科技有限公司,100-299人
财务数据分析师,6千-1万,深圳-南山,财务分析、财务数据分析、SPSS、Java、Python、运营数据分析、商业数据分析、销售数据分析,不限,大专,深圳天成胶粘制品有限公司,20-99人
数据分析专员,7千-1.2万,深圳-福田,Python、SPSS、Power BI、Tableau,1-3年,本科,深圳市众信电子商务交易保障促进中心,100-299人
数据分析师,1.1万-2.2万,深圳-龙岗,数据分析、Python、BI、SQL、大数据分析,3-5年,本科,科锐国际,1000-9999人
中级数据分析师,1万-1.5万,深圳,Python、R语言、SQL、SPSS、Power BI、Tableau、运营数据分析、销售数据分析,1-3年,本科,深圳市傲雷电商科技股份有限公司,1000-9999人
双休数据分析专员/助理,7千-1.2万,深圳-龙岗,数据分析,1-3年,大专,深圳市湘盛电路科技有限公司,20-99人
数据专员（双休）,7千-1.1万,深圳,行业分析、销售数据分析、Java、Python,不限,大专,深圳蛮趣生科技有限公司,100-299人
数据分析助理双休（接受无经验）,6千-9千,深圳-宝安,数据爬虫、Python、SQL、数据分析、计算机、测试、技术员、统计员,不限,大专,深圳市思兴达科技有限公司,100-299人
大数据分析实习生,4千-7千,深圳-南山,SQL,不限,本科,深圳市花依尚网络有限公司,100-299人
大数据分析肋理 无经验,5千-9千,深圳-宝安,Python、SQL、运营数据分析、财务数据分析、商业数据分析、金融数据分析,无经验,本科,深圳市入米互联网咨询有限公司,100-299人
数据分析师 8-12K 周末双休,8千-1.3万,深圳-南山,SQL、MySQL、商业数据分析、商业分析、数据挖掘、Python、SAS、excel,1-3年,本科,湖北昆盛人力资源有限公司,300-499人
数据开发工程师,7千-1.2万,深圳-宝安,数据平台,1-3年,本科,悦来创享(深圳)信息技术有限公司,100-299人
数据分析师（急聘10人，约面反馈超级快，通过率高,1.3万-2万,深圳-南山,Python、SQL,3-5年,本科,深圳市拓保软件有限公司,1000-9999人
大数据分析实习生,4千-7千,深圳-龙岗,SQL,不限,本科,深圳市花依尚网络有限公司,100-299人
中国电信统计分析员（蛇口）,1万-1.1万,深圳-南山,国企,不限,大专,深圳市人力资本(集团)有限公司,10000人以上
大数据分析肋理/双休,5千-8千,深圳-宝安,Python、R语言、SQL,无经验,本科,深圳市思兴达科技有限公司,100-299人
数据分析师助理（无经验）,5千-1万,深圳-宝安,Python,无经验,本科,深圳市慧云数据服务有限公司,100-299人
数据分析（跨境电商）(Z9315),6千-8千,深圳-南山,Power BI、SQL、销售数据分析、财务数据分析,不限,本科,深圳市柏威国际科技物流有限公司,1000-9999人
数据分析岗(009162),面议,深圳-福田,数据分析,1年以下,本科,中信银行信用卡中心,1000-9999人
双休/数据分析助理,8千-1.5万,深圳-福田,R语言、SQL、商业数据分析、金融数据分析、财务数据分析、销售数据分析,1-3年,本科,深圳市百数科技有限公司,100-299人
数据分析岗 综合月薪8K-1.2K,8千-1.2万,深圳-南山,SPSS、SQL、Python、R、参数检验、描述统计,不限,本科,湖北昆盛人力资源有限公司,300-499人
初级数据分析师（靠近地铁站）,6千-1万,深圳-宝安,Python,无经验,大专,深圳市慧云数据服务有限公司,100-299人
BI助理 可小白,5千-7千,深圳-龙岗,MySQL、Oracle,不限,本科,深圳市花依尚网络有限公司,100-299人
Tableau数据分析,1.2万-2万,深圳-福田,Tableau、运营数据分析、数据需求分析、数据可视化,3-5年,本科,北京开科唯识技术股份有限公司深圳分公司,1000-9999人
大数据分析（双休）,7千-1万,深圳,商业数据分析、金融数据分析、SPSS、Python、SQL,不限,大专,深圳杰么厉害科技有限公司,20-99人
数据分析专员（2023届）,1.2万-1.8万,深圳,Python、R语言、SQL,不限,本科,深圳标普云科技有限公司,100-299人
数据分析工程师(J10098),1万-2万,深圳,非结构化数据、机器学习,不限,本科,深圳市人工智能与机器人研究院,100-299人
手游数据分析（外派腾讯）,8千-1万,深圳-南山,SQL、SPSS、游戏数据分析,1年以下,本科,上海微创软件股份有限公司,10000人以上
招行数据分析（7-10K）,7千-1万,深圳-福田,SQL、Python、SAS、金融数据分析,不限,本科,深圳中南人才集团有限公司,1000-9999人
大数据分析实习生,4千-7千,深圳-宝安,SQL、Shell,不限,本科,深圳市特维拓科技有限公司,20-99人
数据专员,5千-8千,深圳-宝安,多元统计分析、判别分析、主成份分析、因子分析、信度分析、运营数据分析、销售数据分析、商业数据分析,不限,大专,深圳志为信息技术服务有限公司,100-299人
数据开发助理,9千-1万,深圳-宝安,MySQL,不限,本科,啸迈网络科技(深圳)有限公司,20-99人
企划岗（数据分析）(009331),面议,深圳-福田,数据采集、商业分析、行业分析,3-5年,本科,中信银行信用卡中心,1000-9999人
会计数据分析肋理（无经验）,5千-8千,深圳-宝安,Python、R语言、SQL、商业数据分析,无经验,本科,深圳市思兴达科技有限公司,100-299人
数据专员,3千-5千,深圳-龙岗,,不限,学历不限,深圳市三佳网络科技有限公司,100-299人
信息技术岗（数据分析）-2023届校招,8千-1万,深圳-罗湖,Python、R语言、SQL、SAS、销售数据分析、财务数据分析、金融数据分析、运营数据分析,无经验,本科,中国人民健康保险股份有限公司深圳分公司,300-499人
数据分析专员-8k-12k五险一金,1.5万-2万,深圳-福田,团队管理经验,不限,大专,邯郸睿钰文化传媒有限公司,20-99人
数据开发工程师,7千-1.2万,深圳-龙岗,Java、SQL、MySQL、Oracle,1-3年,大专,深圳市湘盛电路科技有限公司,20-99人
金融数据分析助理,8千-1.5万,深圳-宝安,神经网络、决策树、机器学习、商业数据分析、金融数据分析、Python、SQL、SPSS,不限,大专,深圳市创宇飞科技有限公司,100-299人
初级数据分析师（可小白）,4千-7千,深圳-罗湖,Shell、Tableau、Power BI,不限,大专,深圳市特维拓科技有限公司,20-99人
电商数据分析师,1.5万-2万,深圳-龙岗,Python、运营数据分析、销售数据分析、回归算法、关联分析、Power BI、商业数据分析、行业分析,3-5年,本科,怡亚通供应链股份有限公司,10000人以上
数据分析岗,1万-2万,深圳-罗湖,Python、SAS、R语言,不限,本科,中国人民健康保险股份有限公司深圳分公司,300-499人
大数据分析实习生,4千-7千,深圳-宝安,SQL,不限,本科,深圳市花依尚网络有限公司,100-299人
金融数据分析助理,6千-8千,深圳,Python、SQL、金融数据分析,不限,大专,深圳杰么厉害科技有限公司,20-99人
人力数据分析岗,5千-7千,深圳-南山,SQL、Shell、Tableau、Java,不限,大专,深圳市特维拓科技有限公司,20-99人
大数据开发工程师,1.3万-2万,深圳-福田,Java、Hadoop、MySQL、Oracle、ETL开发、数仓开发,5-10年,大专,京北方,10000人以上
运维数据分析岗月薪1.5W,1.2万-2.4万,深圳-南山,金融数据分析、风控数据分析、运营数据分析,1年以下,本科,湖北昆盛人力资源有限公司,300-499人
信息技术岗 （数据分析师/工程师）(J10208),1.2万-2万,深圳,MapGIS,不限,本科,深圳市城市公共安全技术研究院有限公司,100-299人
初级数据工程师,8千-1.2万,深圳-南山,Python、Power BI、SQL、商业数据分析、运营数据分析、销售数据分析、行业分析、风控数据分析,1-3年,本科,深圳市零极限电子商务有限公司,20-99人
人力数据分析岗,5千-7千,深圳-福田,SQL、Shell、Tableau、Java,不限,大专,深圳市特维拓科技有限公司,20-99人
数据开发工程师,1万-1.5万,深圳,ETL、Oracle、SQL、数据仓库,1-3年,本科,深圳中科软科技信息系统有限公司,1000-9999人
高级数据专员,6千-8千,深圳-坪山,生产数据分析、运营数据分析、excel、PPT,1-3年,本科,深圳市新嘉拓自动化技术有限公司,1000-9999人
大数据分析肋理（无经验）,5千-8千,深圳-宝安,数学/统计学专业,无经验,本科,深圳市思兴达科技有限公司,100-299人
数据处理支撑工程师,1万-1.9万,深圳-龙华,运营数据分析,1-3年,大专,深圳市人力资本(集团)有限公司,10000人以上
大数据分析实习生,4千-7千,深圳-龙华,SQL、Shell,不限,本科,深圳市特维拓科技有限公司,20-99人
业务数据分析员,8千-1.3万,深圳-宝安,银行数据分析、证券数据分析、风险分析、SQL、IT/互联网、检测/认证、制造业、广告/传媒,不限,大专,深圳海蓝鲸电子商务有限公司,20-99人
初级数据分析肋理/地铁口,5千-9千,深圳-宝安,Python、SQL、R语言,无经验,本科,深圳市思兴达科技有限公司,100-299人
大数据分析实习生,4千-7千,深圳-福田,SQL、Shell,不限,本科,深圳市特维拓科技有限公司,20-99人
数据分析师【大厂+好氛围+加班少+不内卷+晋升快】,1.6万-1.8万,深圳-南山,SQL、Shell、SPSS、运营数据分析、游戏数据分析、Python,1-3年,本科,法本信息,1000-9999人
高级数据分析师,1.8万-2.3万,深圳-龙岗,财务数据分析、Power BI、Tableau,5-10年,大专,软通动力信息技术(集团)股份有限公司,10000人以上
数据分析岗 （班车接送）周末双休,7千-1万,深圳-福田,计算机软件、SQL、SAS、Python、数据分析,1年以下,本科,深圳中南人才集团有限公司,1000-9999人
数据分析师（BI方向）,1万-2万,深圳-龙华,SPSS、MATLAB、Power BI、运营数据分析、销售数据分析,1-3年,本科,深圳市国电科技通信有限公司,500-999人
初级数据分析师（可小白）,4千-7千,深圳-福田,Shell、Tableau、Power BI,不限,大专,深圳市特维拓科技有限公司,20-99人
银行数据分析师/5天8小时,7千-8千,深圳-龙华,Python、判别分析、主成份分析、运营数据分析、风控数据分析,1年以下,大专,上海志行合力网络技术有限公司,1000-9999人
经营管理专员,7千-1万,深圳-南山,金融、线下零售、电商、项目型产品、汽车,1-3年,本科,深圳广联数科科技有限公司,300-499人
BI助理 可小白,5千-7千,深圳-龙华,MySQL、Oracle,不限,本科,深圳市花依尚网络有限公司,100-299人
业务助理（偏数据处理）,1万-1.2万,深圳-龙岗,Python,1年以下,本科,深圳市智胜益辉科技有限公司,20-99人
大数据开发工程师,1.2万-1.7万,深圳-罗湖,数仓开发、Oracle、MySQL,3-5年,大专,深圳中科软科技信息系统有限公司,1000-9999人
数据统计分析员,7千-1万,深圳-宝安,互联网企业经验,不限,大专,深圳海蓝鲸电子商务有限公司,20-99人
大数据开发工程师（互联网大厂+核心团队）,1.5万-3万,深圳-龙岗,Scala、SQL、Oracle、MySQL,不限,本科,成都佳伊聘科技有限公司,20-99人
大数据分析实习生,4千-7千,深圳,SQL、Shell,不限,本科,深圳市特维拓科技有限公司,20-99人
数据分析工程师,1.3万-2.2万,深圳-南山,MATLAB,不限,本科,深圳市道通科技股份有限公司,1000-9999人
（急招）大数据开发工程师/双休,1.3万-2.6万,深圳-福田,Python、Java、Hadoop、Hive、Spark、数仓开发、Oracle、实时数仓,3-5年,本科,深圳市德科信息技术有限公司,1000-9999人
中级业务分析师(J21884),9千-1.4万,深圳-盐田,商业数据分析,3-5年,本科,深圳华大基因科技有限公司,1000-9999人
数据分析（SQL）双休 过节费、年终奖免费班车,8千-1.1万,深圳-福田,销售数据分析、财务数据分析、金融数据分析、风控数据分析,不限,本科,深圳中南人才集团有限公司,1000-9999人
数据分析师 双休 五险一金,5万-6万,深圳-南山,SQL、运营数据分析,5-10年,本科,深圳市君润众乐数字科技有限公司,1000-9999人
大数据分析实习生,4千-7千,深圳-罗湖,SQL,不限,本科,深圳市花依尚网络有限公司,100-299人
数据开发工程师,1.8万-3.5万,深圳-龙岗,数据挖掘、数仓开发、Python、Shell、Java、Scala、Hadoop、Hive,不限,本科,外企德科,1000-9999人
数据助理,9千-1.2万,深圳-福田,Power BI,1-3年,本科,科锐国际,1000-9999人
财务数据分析师助理（靠近地铁站双休）,5千-1万,深圳-宝安,Python,无经验,大专,深圳市入米互联网咨询有限公司,100-299人
BI数据分析师,1万-2万,深圳-南山,SQL、Power BI、Tableau、行业分析、运营数据分析、决策树、商业数据分析、销售数据分析,3-5年,本科,深圳市博商管理科学研究院股份有限公司,500-999人
大数据开发工程师,1.6万-2.3万,深圳-福田,Java、JVM、Spring、Linux、ELECTRICSEARCH,3-5年,本科,深圳红海人力资源有限公司,10000人以上
数据运营工程师,8千-1万,深圳,Java、SQL,1-3年,大专,爱瑞思软件（深圳）有限公司,100-299人
品质技术岗（数据处理）,5千-8千,深圳-坪山,Python、MAGEJ、OpenCV、PowerBI、ECXEL、AOI,不限,本科,深圳市盛波光电科技有限公司,1000-9999人
经营分析专员,8千-1.1万,深圳-南山,金融、汽车、数学/统计学专业,1-3年,本科,深圳广联数科科技有限公司,300-499人
信息技术中心—数据分析师,8千-1万,深圳-福田,数学、统计学、计算机相关专业,1-3年,本科,深圳市标准技术研究院(深圳市物品编码所),500-999人
大数据开发工程师,1.5万-2.5万,深圳-龙华,Hadoop、Hive、数据挖掘、数据治理、Spark,3-5年,本科,三一集团有限公司,10000人以上
数据分析师【银行+金融方向】,1.3万-1.5万,深圳-南山,Python、SQL、金融数据分析,3-5年,本科,中电金信软件有限公司,10000人以上
大数据分析实习生,4千-7千,深圳-龙岗,SQL、Shell,不限,本科,深圳市特维拓科技有限公司,20-99人
大数据开发工程师,8千-1.2万,深圳,数据挖掘、Python、Java、Hadoop、Hive,不限,本科,深圳市侑懿腾科技有限公司,300-499人
发展策划部——统计分析岗,45-70/天,深圳-福田,财务数据分析、金融数据分析、商业数据分析、行业分析,无经验,本科,英大证券,500-999人
（java/python/前端/大数据）开发工程师,2万-4万,深圳-龙岗,后端开发、大数据开发、全栈开发、WEB开发,不限,本科,科锐国际,1000-9999人
大数据开发工程师,1.3万-1.6万,深圳-福田,数仓开发、Hive,1-3年,本科,中电金信软件有限公司,10000人以上
呼叫中质量管理主管（海外项目）,9千-1.6万,深圳-南山,R语言、SQL、英语、运营数据分析,1-3年,本科,诚伯信息有限公司,1000-9999人
客户管理数据支持专员,面议,深圳-龙华,经营数据分析、财务数据分析,不限,本科,华润三九医药股份有限公司,10000人以上
数据开发工程师,1万-1.4万,深圳-南山,ETL开发、数仓开发、Java、Python、Spark、Redis、JOIN、SQL,3-5年,本科,上海微创软件股份有限公司,10000人以上
数据分析师(J10109),1.5万-2.5万,深圳-福田,SQL、运营数据分析,3-5年,本科,深圳嘉立创科技集团股份有限公司,1000-9999人
大数据开发工程师,1.5万-3万,深圳-龙岗,Java、Python、Hadoop、Spark、HBase、Kafka,不限,本科,外企德科,1000-9999人
数据开发工程师,8千-1.1万,深圳-南山,数据治理、Hadoop、Hive、Spark、Flink、Kafka,1-3年,本科,润芯微科技(江苏)有限公司,1000-9999人
数据分析 8-11K 过节费 免费班车双休,8千-1.1万,深圳-福田,数据分析、SQL、大数据平台、数据采集,1-3年,本科,深圳中南人才集团有限公司,1000-9999人
手游数据分析助理,9千-1万,深圳-南山,SQL、SPSS、游戏数据分析、数据挖掘、热爱游戏、分析报告、优化建、手游,1-3年,本科,上海微创软件股份有限公司,10000人以上
大数据开发工程师,1.5万-3万,深圳-龙岗,大数据开发、Spark、Hadoop、Java,3-5年,本科,软通动力信息技术(集团)股份有限公司,10000人以上
大数据分析顾问,1万-1.5万,深圳-南山,Python、SQL,不限,本科,贵州省创敢科技有限责任公司,20人以下
数据分析师（大数据方向）,1万-2万,深圳-龙华,SPSS、运营数据分析、销售数据分析,1-3年,本科,深圳市国电科技通信有限公司,500-999人
数据分析+六险一金+周末双休,7千-9千,深圳-福田,MySQL、Oracle、Tableau,1-3年,本科,中外联(成都)人力资源管理有限公司,20-99人
大数据开发工程师,2.1万-2.2万,深圳-南山,Redis、Hive、Spark、Hadoop、Elasticsearch、Python、R语言,5-10年,本科,深圳极联信息技术股份有限公司,500-999人
大数据开发工程师【深圳，需出差】,1.2万-1.5万,深圳-福田,数据挖掘、Shell、Hadoop、Hive、Spark、Oracle,1-3年,本科,法本信息,1000-9999人
数据分析师（固定双休，五险一金）,1.3万-1.8万,深圳-福田,Python、SQL、Power BI、Tableau、金融数据分析,3-5年,本科,深圳西杰信息技术有限公司,100-299人
数据分析岗 行政班双休 免费班车,7千-1.1万,深圳-福田,数据分析、数据处理、数据库开发、数据库、SQL,1-3年,本科,深圳中南人才集团有限公司,1000-9999人
数据分析（传感器方向）暑期实习生,4千-5千,深圳,商业数据分析、数据分析（传感器方向）,无经验,本科,智联猎头,1000-9999人
数据开发工程师,1.4万-1.6万,深圳-宝安,Python、Oracle、MySQL,1-3年,本科,深圳市百数科技有限公司,100-299人
BI数据实习生,4千-6千,深圳-龙华,Oracle、MySQL,不限,本科,深圳市特维拓科技有限公司,20-99人
BI工程师,1.2万-2万,深圳-南山,SQL、报表开发、数据可视化、SQL Server、Power BI、FineBI、Tableau,3-5年,大专,深圳市尚古堂食品发展有限公司,20-99人
数据分析 双休等福利,7千-1万,深圳-福田,数据分析、SQL、SPSS、SAS、R语言、关联分析、商业数据分析、运营数据分析,1-3年,本科,深圳中南人才集团有限公司,1000-9999人
Python数据开发工程师,1.5万-3万,深圳-南山,Python,1-3年,本科,上海仲阳天王星数据科技有限公司,100-299人
数据分析专员+跨境物流+双休,7千-8千,深圳-宝安,运营数据分析、销售数据分析,1-3年,本科,北京燕文物流股份有限公司,500-999人
人力数据分析岗,5千-7千,深圳-罗湖,SQL、Shell、Tableau、Java,不限,大专,深圳市特维拓科技有限公司,20-99人
数据管理岗,8千-1.6万,深圳,数据管理,不限,硕士,深圳市清源净水器材有限公司,20-99人
招行数据分析（7-10K）,7千-1万,深圳-福田,SQL、Python、SAS、金融数据分析,不限,本科,深圳中南人才集团有限公司,1000-9999人
数据开发工程师,1.1万-1.7万,深圳-南山,ETL开发,3-5年,本科,北京联龙博通电子商务技术有限公司,1000-9999人
初级数据分析师（朝九晚六 双休）,7千-1.2万,成都-锦江,SQL,不限,本科,成都安铭汇信息技术有限公司,20-99人
数据分析师,8千-1.5万,成都-武侯,Python、SQL、风控数据分析、金融数据分析,1-3年,本科,四川福摩数字科技有限公司,300-499人
初级数据分析师,6千-9千,成都-武侯,SQL、excel,不限,大专,成都新钦淘网络科技有限公司,20-99人
初级数据分析师,6千-1万,成都-武侯,商业数据分析、Python、金融数据分析、财务数据分析、运营数据分析,不限,大专,成都德宸锦睿科技有限公司,20-99人
初级数据分析师,7千-9千,成都-武侯,Power BI,不限,大专,成都又见青纭科技有限公司,20-99人
数据分析师,4千-8千,成都-锦江,广告分析,不限,高中,成都金云博数码科技有限公司,100-299人
数据分析师,8千-1万,成都-锦江,SPSS、运营数据分析、商业数据分析、销售数据分析、金融数据分析、SAS、SQL、Python,3-5年,本科,成都律恩泽雅科技有限公司,500-999人
数据分析师,7千-1.2万,成都-武侯,MySQL、Power BI,3-5年,本科,入迷(成都)信息技术有限公司,500-999人
数据分析师,8千-1.2万,成都-武侯,销售数据分析,3-5年,大专,四川新升投资集团有限公司,1000-9999人
数据分析师,1万-1.5万,成都-武侯,SQL、Python、Power BI、Tableau、Stata、Oracle Hyperion、运营数据分析、财务数据分析,5-10年,本科,成都天普企业管理咨询有限公司,20-99人
数据师,面议,成都-武侯,Oracle Hyperion、多元统计分析,5-10年,本科,东华软件股份公司,1000-9999人
数据分析师,6千-8千,成都-武侯,Python、SQL、运营数据分析、销售数据分析、商业数据分析,3-5年,本科,成都众汇兴蓉汽车服务有限公司,1000-9999人
数据分析师,9千-1.4万,成都,SQL、Power BI,3-5年,本科,海思科医药,1000-9999人
销售数据分析,6千-8千,成都-武侯,销售数据分析,3-5年,本科,四川川娃子食品有限公司,500-999人
数据分析员,6千-8千,成都-武侯,销售数据分析,1-3年,大专,成都蒂美尼汽车技术服务有限公司,100-299人
数据分析专员,5千-7千,成都-武侯,数据分析、商业数据分析、市场数据分析、运营数据分析、销售数据分析、经营数据分析,1-3年,本科,正大集团,10000人以上
数据分析专员,8千-1.2万,成都-武侯,Python、SQL,不限,大专,陕西览宏电子科技有限公司,20人以下
数据分析专员,6千-9千,成都-锦江,线下零售、生活服务/O2O、SQL、Power-BI、Tableau,1-3年,本科,四川茶姬企业管理有限公司,10000人以上
初级数据分析师,7千-9千,成都-武侯,Python、Java、商业数据分析、运营数据分析、广告分析,不限,大专,成都凯图锐网络科技有限公司,20-99人
数据分析专员,6千-8千,成都-武侯,SQL,不限,大专,成都又见青纭科技有限公司,20-99人
数据分析岗,8千-1.5万,成都-青羊,运营数据分析、金融数据分析,1-3年,本科,太平洋产险,10000人以上
市场数据分析师,5千-7千,成都-武侯,市场调研、市场数据分析,不限,大专,成都德宸锦睿科技有限公司,20-99人
BI数据分析师助理,6千-8千,成都-武侯,Java、Python,1-3年,本科,四川中旭智汇科技有限公司,20-99人
数据分析专员,6千-8千,成都-武侯,Python、R语言、SPSS、行业分析、风控数据分析、运营数据分析、财务数据分析,不限,大专,成都凯图锐网络科技有限公司,20-99人
大数据分析师,5千-9千,成都-郫都,商业数据分析、Python,不限,大专,成都桐瀚斯科技有限公司,20-99人
数据分析（排班）,8千-1.2万,成都-双流,SQL、Python、WFM、排班、机器学习,1-3年,大专,北京达佳互联信息技术有限公司,10000人以上
数据分析师（成都）,9千-1.2万,成都-双流,数据分析、数据清洗、数据建模,不限,本科,麦可思数据科技(成都)有限公司,100-299人
数据分析专员,6千-9千,成都-双流,销售数据分析、运营数据分析,1-3年,本科,天味食品,1000-9999人
数据分析专员,6千-1万,成都-武侯,运营数据分析、风控数据分析、销售数据分析,1-3年,本科,成都超亿科技有限公司,100-299人
数据分析师—BI方向,5千-1万,成都-武侯,Python、SQL、Power BI、多元统计分析、商业数据分析、运营数据分析、财务数据分析、销售数据分析,不限,大专,成都新钦淘网络科技有限公司,20-99人
数据分析统计,6千-1万,成都-新都,商业数据分析、运营数据分析、销售数据分析、财务数据分析,5-10年,本科,四川桔洲堂医药有限公司,100-299人
数据分析专员,5千-8千,成都-金牛,销售数据分析,1-3年,大专,金牛区卡迪高鞋业商贸部,100-299人
python数据分析师,7千-1.3万,成都-青羊,Python、金融数据分析,1-3年,大专,成都升泷科技有限公司,20人以下
数据分析专员,6千-1万,成都-武侯,SQL,1-3年,本科,四川书亦餐饮管理有限公司,1000-9999人
数据分析工程师,8千-1万,成都-武侯,Python、SQL、SPSS、多元统计分析、关联分析,不限,大专,成都又见青纭科技有限公司,20-99人
电商数据分析师,5千-1万,成都-武侯,SQL、商业数据分析、运营数据分析、销售数据分析、行业分析,不限,大专,成都新钦淘网络科技有限公司,20-99人
数据分析专员,6千-7千,成都,Python、运营数据分析,1-3年,本科,成都吉讯餐饮配送有限公司,20-99人
数据分析员,5千-8千,成都-武侯,R语言、SPSS、销售数据分析,1-3年,大专,成都浪玛科技有限公司,20-99人
选址数据分析,1万-1.5万,成都-锦江,商业数据分析、行业分析,3-5年,大专,四川茶姬企业管理有限公司,10000人以上
数据统计与分析,5千-8千,成都-武侯,SQL、SPSS,不限,大专,成都又见青纭科技有限公司,20-99人
人力数据分析师,5千-1万,成都-武侯,SQL、Power BI、多元统计分析、商业数据分析、行业分析、财务数据分析,不限,大专,成都新钦淘网络科技有限公司,20-99人
数据分析师,1万-2万,成都,SQL、销售数据分析、运营数据分析,5-10年,本科,海思科医药,1000-9999人
数据分析师,1.2万-2万,成都-武侯,Python、SQL、运营数据分析、机器学习,3-5年,本科,北京达佳互联信息技术有限公司,10000人以上
数据分析(J10227),8千-1.5万,成都-双流,商业数据分析、行业分析,3-5年,本科,四川特驱农牧科技集团有限公司,1000-9999人
风险数据分析师,7千-1.2万,成都-武侯,Python、SAS、SPSS、风控数据分析,不限,大专,成都又见青纭科技有限公司,20-99人
数据分析 (MJ002793),1万-1.5万,成都-武侯,SQL、SPSS、SAS、销售数据分析、运营数据分析、行业分析,3-5年,本科,正泰电器,10000人以上
金融风险数据分析师,7千-1.2万,成都-武侯,MySQL、金融业,不限,大专,成都德宸锦睿科技有限公司,20-99人
经营分析师,8千-1.2万,成都-双流,数据监控、数据分析、SQL、Python、机器学习、运营数据分析、经营数据分析,3-5年,本科,北京达佳互联信息技术有限公司,10000人以上
大气数据分析师,7千-1万,成都-青羊,空气处理、注册环保工程师,1-3年,本科,北京清创美科环境科技有限公司,100-299人
财务数据分析师,6千-8千,成都-武侯,SPSS、多元统计分析、财务数据分析,不限,大专,成都又见青纭科技有限公司,20-99人
商业数据分析师,8千-1.6万,成都-武侯,Power-BI、SQL,1-3年,大专,四川众信佳科技发展有限公司,1000-9999人
数据分析师,1万-2万,成都-武侯,Python,3-5年,本科,中电金信软件有限公司,10000人以上
大数据分析师,5千-8千,成都-郫都,农业项目、农/林/牧/渔、政府项目,1-3年,大专,四川澜芳科技有限公司,20-99人
策略分析师,8千-1.5万,成都-武侯,需求分析、数据分析、SQL、Python,1-3年,本科,重庆信盟科技发展有限公司,1000-9999人
数据分析专员(可接受实习),5千-1万,成都-武侯,SQL、Python、Power BI、多元统计分析、商业数据分析、运营数据分析、销售数据分析、财务数据分析,不限,大专,成都新钦淘网络科技有限公司,20-99人
数据分析师（朝九晚六）,4千-5千,成都-龙泉驿,SQL、数据分析、市场数据分析、运营数据分析,不限,大专,成都世纪天语科技有限公司,1000-9999人
数据分析实习生（双休五险一金）,3千-5千,成都-武侯,Excel、Power-BI,不限,大专,成都浪玛科技有限公司,20-99人
数据分析专家/WFM/早九晚六/双休,5千-7千,成都-武侯,WFM、排班管理、报表、咨询客服、管理经验、数据分析、excel,1-3年,大专,金慧科技,10000人以上
数据分析实习生（短期实习）,150-200/天,成都-双流,数据分析、SPSS、SAS、R,无经验,本科,麦可思数据科技(成都)有限公司,100-299人
数据分析助理,4千-6千,成都-武侯,数据分析,不限,大专,成都凯图锐网络科技有限公司,20-99人
数据分析助理,4千-7千,成都-武侯,SQL、Power BI,不限,大专,成都又见青纭科技有限公司,20-99人
大数据处理助理,7千-9千,成都-武侯,运营数据分析,不限,本科,河南顺易环保科技有限公司,20-99人
数据分析员（实习生）,5千-8千,成都-高新区,数据分析,无经验,大专,中飞赛维智能科技股份有限公司,300-499人
中粮可口可乐-数据分析专家,1.2万-1.5万,成都-新都,SAS、Tableau,不限,硕士,成都市新都区人才发展服务中心,20-99人
大数据分析助理,5千-1万,成都-武侯,SQL、Power BI、Python、多元统计分析、商业数据分析、运营数据分析、销售数据分析、财务数据分析,不限,大专,成都新钦淘网络科技有限公司,20-99人
数据处理工程师,7千-1.2万,成都-武侯,数据处理,不限,大专,四川中旭智汇科技有限公司,20-99人
5G数据分析师,4千-8千,成都-锦江,行业分析,不限,高中,成都梅鑫嘉仪电子有限公司,100-299人
数据分析员,100-200/天,成都-武侯,Python、商业数据分析、财务数据分析、金融数据分析、销售数据分析,无经验,本科,四川澳沙科技有限公司,100-299人
大数据分析工程师,7千-9千,成都-武侯,SQL、Power BI,不限,本科,成都德宸锦睿科技有限公司,20-99人
大数据分析实习生,5千-8千,成都-武侯,SQL,不限,本科,成都凯图锐网络科技有限公司,20-99人
经营分析主管（数据分析）,8千-1.3万,成都-成华,Tableau、SQL、运营数据分析、财务数据分析、商业数据分析,3-5年,本科,朴朴,10000人以上
正大集团-数据分析员,5千-6千,成都-武侯,数据统计、PPT、数据稽核、报表整理、Excel,不限,本科,正大集团,10000人以上
运营运维支持,7千-1.2万,成都-武侯,MySQL、excel,1-3年,大专,中科软科技股份有限公司,1000-9999人
数据分析专员,4千-6千,成都-武侯,行业分析,不限,大专,成都德宸锦睿科技有限公司,20-99人
数据分析师（朝九晚六）,4千-5千,成都-龙泉驿,SQL、运营数据分析、行业分析、数据分析师,1-3年,大专,成都梧桐天成电子科技有限公司,1000-9999人
数据分析-偏财务板块-京东集团-物流西南财务部,8千-1.5万,成都-武侯,SQL,3-5年,本科,京东集团,10000人以上
数据分析岗（欢迎应届生）,6千-1万,成都,数据分析、SAS、R、Excel,不限,本科,麦可思数据科技(成都)有限公司,100-299人
入职社保/数据分析,5千-7千,成都-青羊,运营数据分析、销售数据分析,1-3年,大专,四川泰盈科技有限公司,10000人以上
行情分析师,1万-2万,成都,数据挖掘、需求分析、数据采集、行业分析,不限,本科,德康集团,1000-9999人
数据开发工程师,9千-1.2万,成都-武侯,SQL、DataX、FineReport (帆软),1年以下,大专,成都浪玛科技有限公司,20-99人
异常交易分析岗,5千-8千,成都-武侯,金融数据分析,3-5年,本科,深圳市汇合发展有限公司,10000人以上
数据分析实习生,4千-8千,成都-武侯,主成份分析、Python、R语言、Tableau,无经验,大专,四川南创时代科技有限公司,20-99人
数据分析师（朝九晚六）,4千-5千,成都-龙泉驿,SQL、运营数据分析、市场数据分析、数据分析,不限,大专,成都世纪天语科技有限公司,1000-9999人
数据分析助理,3千-4千,成都-武侯,助理,不限,大专,成都德宸锦睿科技有限公司,20-99人
数据分析专员1,5千-8千,成都-温江,环保,不限,本科,四川若斌生物科技有限责任公司,20-99人
统计,6千-8千,成都,Python、SQL、Java、Power-BI,1-3年,大专,成都美丽一生健康科技有限公司,1000-9999人
财务数据分析员,8千-1.5万,成都-锦江,财务体系、财务预算、资金规划、财务BP,3-5年,大专,四川锦蓉川吉科技有限公司,100-299人
数据专员,5千-8千,成都-双流,多元统计分析、主成份分析、运营数据分析、销售数据分析、财务数据分析、商业数据分析,不限,大专,德康集团,1000-9999人
电商数据分析师,4千-8千,成都-郫都,运营数据分析、行业分析、商业数据分析、销售数据分析,1-3年,大专,成都康惠净科技有限公司,20-99人
数据专员,5千-7千,成都-武侯,SQL、运营数据分析、销售数据分析、舆情分析、商业数据分析,3-5年,大专,顶呱呱,1000-9999人
大数据分析师-专利方向,7千-1.2万,成都-双流,数据挖掘、数据运维、数据开发、数据分析、数据治理、ETL开发、数据平台、数据中台,不限,本科,苏州七星天专利运营管理有限责任公司,20-99人
数据分析师（偏信息安全方向）,8千-1.5万,成都-武侯,Python、SQL,1-3年,学历不限,陌陌,1000-9999人
业务预测分析师,9千-1.2万,成都-双流,机器学习、决策树、预测分析、聚类算法、回归算法,3-5年,大专,北京达佳互联信息技术有限公司,10000人以上
经营分析-京东集团-物流西南财务部,8千-1.5万,成都-武侯,Python、SQL、SPSS、Power BI、MATLAB、财务数据分析,3-5年,本科,京东集团,10000人以上
产业分析师助理,4千-6千,成都-武侯,Power-BI,不限,大专,成都又见青纭科技有限公司,20-99人
项目数据分析专员,6千-8千,成都-武侯,Java、Python、商业数据分析、销售数据分析、运营数据分析,1-3年,大专,成都凯图锐网络科技有限公司,20-99人
采购数据分析员,5千-8千,成都-武侯,Power BI、多元统计分析、运营数据分析、销售数据分析,3-5年,本科,成都三松医疗管理有限公司,500-999人
快手正编-数据分析,1.2万-2万,成都-双流,SQL、商业数据分析、数据监控,3-5年,本科,北京达佳互联信息技术有限公司,10000人以上
数据分析和业务规划专员-某外资企业（世界500强）,1.5万-2.2万,成都-武侯,销售数据分析,1-3年,本科,上海外服(四川)人力资源服务有限公司,100-299人
客服数据分析岗（成都双流）,9千-1万,成都-双流,多元统计分析、行业分析、运营数据分析、Python、SPSS,1-3年,本科,北京电信发展有限公司,1000-9999人
高级数据分析师,1.5万-2.5万,成都-武侯,数据分析、模型设计、SQL、Hive、电商数据分析、运营数据分析、销售数据分析、市场数据分析,5-10年,本科,成都兴城供应链集团股份有限公司,100-299人
市场数据分析专员,6千-8千,成都-武侯,Python、SPSS、Scala,1-3年,大专,成都又见青纭科技有限公司,20-99人
经营分析,8千-1.6万,成都-新都,物流经分、物流质控,3-5年,本科,京东集团,10000人以上
业务分析师（成都）(J13121),1万-1.5万,成都-龙泉驿,企业经营分析报表编制、制造业、Axure,5-10年,本科,中创新航科技股份有限公司,10000人以上
中高级数据分析师,1万-2万,成都,SQL、Power BI、商业数据分析,5-10年,本科,入迷(成都)信息技术有限公司,500-999人
数据开发工程师（成都）,9千-1.4万,成都,MySQL、Python、DW/BI、数据仓库、Linux,1-3年,本科,上海华讯网络系统有限公司,1000-9999人
数据开发工程师,1.1万-1.5万,成都-金牛,数仓开发、MySQL、Oracle、ETL开发、Greenplum,1-3年,本科,京北方,10000人以上
大数据开发工程师,1万-1.8万,成都-武侯,数据挖掘、数据治理、数据运维、数据建模,3-5年,本科,上海艾策通讯科技股份有限公司,20-99人
经营分析专家,8千-1.2万,成都-双流,数据分析、商业数据分析、SQL、市场数据分析、电商数据分析、运营数据分析、销售数据分析、经营数据分析,3-5年,本科,北京达佳互联信息技术有限公司,10000人以上
高级数据分析师-数据分析算法,1.5万-2.5万,成都-锦江,Java、Python、机器学习、决策树、协同过滤、回归算法、SQL、商业数据分析,3-5年,本科,吉林省森祥科技有限公司,100-299人
数据开发工程师（校招-成都）,9千-1.3万,成都-锦江,Hadoop、Hive、Hbase、Spark,无经验,本科,上海华讯网络系统有限公司,1000-9999人
资源分配员,3千-4千,成都,Excel,不限,大专,四川中童儿童互联网医院管理有限公司,500-999人
数据分析师（python/外企）,1.5万-2万,成都-武侯,预测分析、Python、大数据分析、数据可视化,3-5年,本科,成都信必优信息技术有限公司,1000-9999人
数据经营支持,5千-7千,成都-简阳,数据分析、运营数据分析、电脑操作、快递物流,1-3年,大专,申通快递,10000人以上
数据开发工程师（外包）,5千-8千,成都-金牛,MySQL、Oracle、SQL Server、DB2、Shell,1-3年,大专,亚信科技(中国)有限公司,10000人以上
数据分析员,3千-5千,成都-高新区,数据分析、3DMAX、建模,无经验,大专,中飞赛维智能科技股份有限公司,300-499人
数据分析专家-中粮可口可乐四川厂,1.2万-1.5万,成都-金牛,Python、SQL、SPSS、商业数据分析、运营数据分析、销售数据分析,3-5年,硕士,中粮可口可乐饮料(四川)有限公司,1000-9999人
BI工程师,1万-1.5万,成都,BI、数据分析、Power BI、数据建模、Python,1-3年,大专,四川众信佳科技发展有限公司,1000-9999人
数据分析实习生,260-300/天,成都-锦江,Tableau、SQL、R语言、Python、商业数据分析、销售数据分析,无经验,硕士,新希望化工投资有限公司,1000-9999人
物联网工程师-双休,5千-1万,成都,其他,不限,大专,成都颐运通物流有限公司,100-299人
大数据开发工程师,1.3万-1.8万,成都-武侯,SQL、Spark、Flink、Hadoop、Kafka、HIVE,3-5年,本科,软通动力信息技术(集团)股份有限公司,10000人以上
大数据分析工程师,1.5万-2.5万,成都-郫都,数据挖掘,5-10年,本科,成都众享天地网络科技有限公司,100-299人
Python数据开发工程师 (MJ000236),1.5万-3万,成都-武侯,Linux、NumPy、Pandas、Python,不限,本科,上海仲阳天王星数据科技有限公司,100-299人
数据开发工程师,1.1万-2万,成都-武侯,数据仓库、ETL、BI、SQL,3-5年,本科,京北方,10000人以上
Tableau可视化,1.2万-1.8万,成都-武侯,数据可视化、Tableau,3-5年,本科,上海晨钦信息科技服务有限公司,1000-9999人
生猪期货行情分析师,1万-2万,成都-双流,数据挖掘、需求分析、商业分析、数据采集,1-3年,本科,德康集团,1000-9999人
金融风险数据分析师（策略）,9千-1.5万,成都-武侯,风险分析、Python、SQL、MySQL、金融业、IT/互联网、贷款数据分析,3-5年,本科,四川福摩数字科技有限公司,300-499人
专利分析师-算法类,7千-1.4万,成都-双流,深度学习、数据分析、机器学习、数学、统计、专利、知识产权、互联网,不限,本科,苏州七星天专利运营管理有限责任公司,20-99人
经济运行分析及统计岗,5千-6千,成都-武侯,回归分析、相关分析、方差分析,3-5年,本科,成都金控人力资源管理有限公司,1000-9999人
大数据开发工程师（劳务派遣）,1万-1.5万,成都-武侯,大数据开发,3-5年,大专,中国网安,1000-9999人
经营分析-财务板块-京东物流西南财务部,1万-1.5万,成都-武侯,SQL、电商,5-10年,本科,京东集团,10000人以上
BI工程师,5千-8千,成都-武侯,Power BI、SQL,不限,大专,成都凯图锐网络科技有限公司,20-99人
数据仓库工程师-成都农商驻场开发,1.1万-1.9万,成都-金牛,数仓开发、Oracle,5-10年,本科,成都高伟达信息技术有限公司,100-299人
大数据开发工程师,1.8万-3.5万,成都-郫都,数据治理、数据挖掘、Flink、Spark、Scala、MySQL、ETL开发、数据平台,3-5年,本科,外企德科,1000-9999人
BI数据分析实习生-2023届,150-200/天,成都-武侯,Power BI、Tableau、商业数据分析、SQL、Python,无经验,本科,友邦资讯科技（广州）有限公司,1000-9999人
数据运营实习生(J15968),200-300/天,成都-锦江,excel,无经验,硕士,新希望化工投资有限公司,1000-9999人
大数据开发工程师,2.5万-3万,成都-武侯,Hadoop、Hive、Spark、Impala、MongoDB、Redis、Oracle,3-5年,本科,华润雪花,10000人以上
大数据开发工程师（四川-成都移动）,1万-2万,成都-武侯,Hadoop、Spark、Hive、Impala、Solr、数据建模、ETL开发,不限,本科,北京市中保网盾科技有限公司,300-499人
大数据开发工程师（金融、银行）,1万-1.5万,成都-金牛,Shell、SQL、Kettle、Hadoop、银行、HIVE、数据平台,3-5年,本科,法本信息,1000-9999人
经营分析经理,1.6万-2.1万,成都-成华,电商、线下零售、电商类产品,5-10年,本科,朴朴,10000人以上
大数据开发工程师,8千-1.4万,成都-武侯,ETL、Hadoop、数据挖掘、数据清洗、数据分析,1-3年,本科,北京中创信测科技股份有限公司,500-999人
excel&mysql讲师,8千-1万,成都-武侯,Python、SQL、Power BI、商业数据分析、运营数据分析、风控数据分析、游戏数据分析、金融数据分析,3-5年,本科,成都格拉斯曼科技有限公司,100-299人
成都市某大型国企——数据专员岗,6千-8千,成都-双流,金融数据分析、财务数据分析、销售数据分析,1-3年,本科,天府人力,1000-9999人
ETL工程师/数据开发工程师（银行）,1万-1.5万,成都-锦江,Oracle、ETL、Linux、数仓、HIVE,3-5年,本科,法本信息,1000-9999人
大数据开发工程师,1.2万-1.6万,成都-武侯,Flink、Kafka、Elasticsearch、Hadoop,3-5年,本科,软通动力信息技术(集团)股份有限公司,10000人以上
软件工程师（数据信息处理、气象产品开发等方向）,1.3万-2.5万,成都-双流,C语言、C++、C#,不限,本科,成都亘波雷达科技有限公司,20-99人
BI工程师,8千-1万,成都,BI、数据分析、数据可视化,1-3年,大专,成都六玥海棠网络科技有限公司,20-99人
数据处理工程师,6千-1万,成都-武侯,无人机采集数据分析,1-3年,大专,陕西天和照明设备工程有限公司,100-299人
数据开发工程师,1.8万-3.5万,成都-郫都,数据挖掘、数仓开发、Python、Shell、Java、Scala、Hadoop、Hive,不限,本科,外企德科,1000-9999人
业务支持专员,6千-7千,成都,数据分析、数据运营,1-3年,本科,成都吉讯餐饮配送有限公司,20-99人
Gis数据处理及开发工程师,7千-8千,成都,ArcGlS、Java、Vue,不限,本科,四川林飞数码科技有限公司,20-99人
数据BI开发中级工程师,1.2万-1.8万,成都-武侯,数仓开发,5-10年,本科,成都高伟达信息技术有限公司,100-299人
BI商业数据分析课程/培训招生,5千-8千,成都-锦江,CAD、动力系统设计、钣金工艺、充电桩设计、CATIA、车辆电池工程,不限,大专,51Testing,100-299人
大数据开发工程师,8千-1.6万,成都-成华,Hadoop、数据治理、数据挖掘、数仓开发、数据建模、数据运维、Python、Oracle,1-3年,本科,中国软件,10000人以上
数据分析专员2,5千-8千,成都-温江,环保,不限,硕士,四川若斌生物科技有限责任公司,20-99人
大数据开发工程师,1.5万-3万,成都-郫都,数仓开发、数据建模、数据运维、数据挖掘、Java、Python、Scala、Shell,不限,本科,外企德科,1000-9999人
专利代理人助理-算法类,7千-1.4万,成都-双流,深度学习、数据分析、机器学习、数学、统计、专利、知识产权、互联网,不限,本科,苏州七星天专利运营管理有限责任公司,20-99人
大数据开发工程师,1万-1.8万,成都,大数据开发、数据仓库、ETL、Hadoop、Linux、Spark、Hive、Kafka,3-5年,本科,成都骥子龙文信息技术有限公司,100-299人
Power BI可视化,1.2万-1.8万,成都-武侯,SQL、数据可视化、Power BI,3-5年,本科,上海晨钦信息科技服务有限公司,1000-9999人
排班预测分析师,9千-1.3万,成都-双流,Python、R语言、SQL、Power BI、Tableau、决策树、RNN、ROC分析,3-5年,本科,北京达佳互联信息技术有限公司,10000人以上
大数据开发工程师,5千-1万,成都-武侯,大数据技术平台,不限,本科,中国广电四川网络股份有限公司,10000人以上
高级数据分析师,1.3万-2.6万,成都,SQL、行业分析、商业数据分析,5-10年,本科,海思科医药,1000-9999人
游戏数据分析leader,2万-4万,成都-武侯,SQL、商业数据分析、运营数据分析、游戏数据分析,5-10年,本科,乐狗科技,300-499人
数据服务工程师,8千-1.3万,成都,商业数据分析、行业分析、关联分析、财务数据分析、聚类算法,5-10年,本科,四川盐湖云智数字科技有限公司,100-299人
"CD/KDC-Data Analyst,Audit AQD,Audit",9千-1.5万,成都-武侯,数据可视化、Python、R语言、财务数据分析,1-3年,本科,毕马威华振,1000-9999人
成都-Power BI,1.4万-2万,成都-武侯,Python,3-5年,本科,信德管理顾问(大连)有限公司,20人以下
数据分析师课程/培训招生（成都）,5千-8千,成都-锦江,数据分析、Python、机器学习、分类算法、SPSS、运营数据分析、销售数据分析、游戏数据分析,不限,大专,51Testing,100-299人
Power BI （双休-6险1金-没加班文化）,1.5万-2.5万,成都-武侯,数据挖掘、Power BI、Informatica、DataX、数据可视化,3-5年,本科,中电金信软件有限公司,10000人以上
数据融合开发工程师,1.8万-2.5万,成都,融合算法、传感器、C++、MATLAB、卡尔曼滤波,1-3年,本科,四川知周科技有限责任公司,100-299人
大数据开发工程师,1万-1.4万,成都-龙泉驿,数据建模、数仓开发、Spark、Hadoop,3-5年,本科,四川国蓝中天环境科技集团有限公司,100-299人
专利检索分析师/分析评议/评价,5千-1万,成都-武侯,行业分析、大数据平台、大数据分析、舆情分析、数据挖掘、数据采集、数据分析、数据架构,不限,本科,成都九鼎天元知识产权代理有限公司,100-299人
power bi（外企）,1.5万-1.8万,成都-武侯,Power BI、BI开发,3-5年,本科,成都信必优信息技术有限公司,1000-9999人
Power BI,1.5万-1.7万,成都-武侯,SQL、报表开发、数据可视化、Power BI、英语好、外企,3-5年,本科,信必优(深圳)信息技术有限公司,500-999人
数字孪生研究员,2万-4万,成都,数字孪生、模型构建、仿真验证、模型校正,5-10年,本科,工业云制造(四川)创新中心有限公司,100-299人
专利分析师 - 数据开发跨界应用 - 弹性时间地点,8千-1.3万,成都-双流,CDN、数据分析、数据处理、软件工程师、软件开发、云计算、计算机、老师,1-3年,本科,苏州七星天专利运营管理有限责任公司,20-99人
成都SKP系统数据专员 (MJ000429),4千-6千,成都-武侯,Java、数据采集,1-3年,大专,成都华联(SKP)百货有限公司,1000-9999人
大数据开发工程师,1.4万-1.8万,成都-武侯,Spark、Kafka,3-5年,本科,成都信必优信息技术有限公司,1000-9999人
信息化系统数据侧应用工程师,5千-1万,成都,数据应用,3-5年,本科,中国广电四川网络股份有限公司,10000人以上
业务分析工程师（成都）(J13121),1.5万-2.5万,成都-龙泉驿,企业经营分析、业务分析、产品原型设计、数据处理、MES、大数据产品建设、制造域系统软件,5-10年,本科,中创新航科技股份有限公司,10000人以上
应用平台开发工程师-数据分析算法,1.2万-1.8万,成都-锦江,数据平台,5-10年,本科,吉林省森祥科技有限公司,100-299人
Internet Ads线上广告分析员,3千-6千元/月,成都-武侯,机器学习、分类算法、广告分析,不限,学历不限,讯乐思(成都)数据服务有限公司,500-999人
数据分析leader【20-40K】,2万-4万,成都-武侯,游戏数据分析,5-10年,本科,四川达善科技有限公司,20-99人
经营改善岗,7千-1.2万,成都-新都,需求分析、行业分析、数据建模,3-5年,本科,京东集团,10000人以上
大数据开发工程师,1.2万-1.8万,成都-武侯,Spark、Flume、Java、Oracle、MySQL、银行金融,3-5年,本科,京北方,10000人以上
BI工程师,1.3万-1.5万,成都-金牛,Java、Python、SQL、数据治理、Oracle、DB2、Informatica,3-5年,本科,北京汉克时代科技有限公司,1000-9999人
地图数据开发工程师,1万-1.5万,成都-金牛,Python、C++、数据运维、数据建模、Linux、UBUNTU、城市轨道交通、点云地图,3-5年,本科,交控科技,1000-9999人
BI工程师,7千-9千,成都-郫都,Python、SQL、Power BI、运营数据分析、商业数据分析、销售数据分析、财务数据分析、行业分析,1-3年,本科,成都环宇知了科技有限公司,500-999人
体验提升岗,6千-1.2万,成都-新都,运营数据分析、SQL、Power BI,3-5年,大专,京东集团,10000人以上
大数据开发工程师,1万-1.9万,成都-武侯,Spark、Hadoop、Flume、HIVE,3-5年,本科,京北方,10000人以上
数据开发工程师,8千-1.5万,成都-青羊,SQL Server、MySQL、数仓开发、数据治理、Python、Java、数据平台、Scala,3-5年,本科,四川通信科研规划设计有限责任公司,500-999人
ETL,1.4万-1.8万,成都-武侯,Python、数据治理、数据仓库、Informatica、Tableau、Oracle、SQL Server、ALTERYX,3-5年,本科,成都信必优信息技术有限公司,1000-9999人
成都-Power BI,1.4万-2.1万,成都-武侯,数据挖掘、数据采集、报表开发、Hadoop、Hive、Yarn,3-5年,本科,上海晨钦信息科技服务有限公司,1000-9999人
数字化技术研究员（成都）,1.2万-1.8万,成都-锦江,行业分析,3-5年,博士,上海华讯网络系统有限公司,1000-9999人
大数据开发工程师,1万-1.5万,成都-武侯,ETL开发、报表开发、数仓开发、数据建模、Java、Python、MySQL、MongoDB,3-5年,本科,普华永道商务服务(成都)有限公司,500-999人
Power BI开发（外企）,1.4万-1.8万,成都-武侯,Power BI、Tableau、DataStage、Informatica,3-5年,本科,Symbio 北京研发中心,1000-9999人
PowerBI,1.4万-1.9万,成都-武侯,SQL、Tableau、Power BI,3-5年,本科,友邦资讯科技（广州）有限公司,1000-9999人
大数据开发/etl工程师,1.1万-1.6万,成都-金牛,数仓开发、Oracle、DB2、Hive、Hadoop、ETL开发、银行,3-5年,本科,法本信息,1000-9999人
帆软报表开发工程师,1.4万-1.6万,成都-武侯,Java、报表开发、FineBI、SQL、PostgreSQL,5-10年,大专,成都信必优信息技术有限公司,1000-9999人
Java-大数据开发工程师,1.5万-2.5万,成都-武侯,Java、Spark、Python、Shell、Hadoop、Storm,5-10年,大专,恩士迅信息科技(中国)有限责任公司,1000-9999人
大数据开发工程师,8千-1.3万,成都-武侯,实时数仓、Scala、Python、Java、Spark,3-5年,本科,重庆软维科技有限公司,300-499人
医保专员（IT方向）,4千-8千,成都-锦江,SQL,不限,大专,泰康养老保险股份有限公司四川分公司,10000人以上
人力分析主管（通威太阳能双流）,1万-1.2万,成都-双流,SQL、Python、SPSS、人力数据分析,3-5年,本科,通威集团,10000人以上
tableau可视化（仪表盘dashboard）,1.3万-1.8万,成都-武侯,报表开发、Tableau、Informatica、DataStage、DataX、数据可视化,3-5年,本科,成都信必优信息技术有限公司,1000-9999人
大数据开发工程师,1.5万-2万,成都,大数据开发、数据仓库、数据分析、数据治理、Hadoop、Spark、Flume、Storm,5-10年,本科,慧扬健康,100-299人
BI报表专员,6千-8千,成都-彭州,SQL、FineReport、BI、数据库、Oracle,1-3年,本科,成都第一制药有限公司,500-999人
数据存储JAVA开发工程师,面议,成都-郫都,Java、Linux、Python、JavaScript,不限,本科,华为技术有限公司,10000人以上
Power BI,1.2万-1.8万,成都-武侯,Power BI、Tableau、SLICERS、DAX、英文读写,5-10年,本科,Symbio 北京研发中心,1000-9999人
BI开发工程师,1.4万-1.8万,成都-武侯,SQL、Java、FineBI,3-5年,大专,成都信必优信息技术有限公司,1000-9999人
系统工程师（数据挖掘方向）,2万-4万,成都-郫都,数据挖掘,5-10年,本科,成都众享天地网络科技有限公司,100-299人
BI Analyst,7千-8千,成都,Power BI、Tableau,3-5年,本科,成都拓达聚思力信息技术有限公司,1000-9999人
数据中台开发工程师,1.3万-2.6万,成都-武侯,数仓开发、数据中台、Hadoop、Hive、Spark,5-10年,大专,成都星阵地科技有限公司,20人以下
高级大数据开发工程师,2万-3万,成都,Hadoop、Spark,5-10年,本科,全友家私有限公司,1000-9999人
数据存储开发/测试工程师,面议,成都,Python、C/C++、Java、Shell、Linux、Oracle、自动化测试、金融测试,不限,本科,华为技术有限公司,10000人以上
云数据中心网络安全工程师,8千-1.6万,成都,网络安全、云数据,3-5年,本科,民航成都电子技术有限责任公司,500-999人
大数据开发工程师,1.5万-3万,成都,数据平台、数据中台、数据建模、报表开发、数据挖掘、数据治理、ETL开发、数仓开发,5-10年,本科,海思科医药,1000-9999人
大数据开发主任工程师岗（成都）(J11891),1.5万-2.5万,成都-龙泉驿,ETL开发、Shell、Hadoop、Hive、大数据开发、ETL、Linux、BI报表,5-10年,本科,中创新航科技股份有限公司,10000人以上
power bi开发,1.4万-1.8万,成都-武侯,报表开发、Power BI、SQL Server、DAX函数、动态仪表盘、DASHBOARD、数据可视化、QuickBI,3-5年,本科,成都信必优信息技术有限公司,1000-9999人
数据存储开发/测试工程师,面议,成都-郫都,后端开发、客户端开发、STL、C++、Shell、Python、Java,不限,本科,华为技术有限公司,10000人以上
大数据开发工程师（外企/实时/ETL经验）,1.5万-1.8万,成都-武侯,Python、Spark、Flume、Flink,3-5年,本科,武汉佰钧成技术有限责任公司,1000-9999人
中级大数据平台开发工程师,2万-3万,成都-武侯,数据挖掘、报表开发、数据建模、数据中台、Java、Hadoop、Hive、Spark,3-5年,本科,巴伦如梭,100-299人
软件工程师（数据信息处理、气象产品开发等方向） (5人),1.3万-2.5万,成都-双流,C++、Python、JavaScript,3-5年,本科,四川欧航科技有限责任公司,20-99人
【外卖】商业产品运营高级专家（成都）,面议,成都,,1-3年,本科,北京三快在线科技有限公司,1000-9999人
核心数据系统开发工程师(茶饮龙头企业大厂),2万-4万,成都-武侯,后端开发、SpringBoot、SpringCloud、Java,5-10年,本科,成都百兴世纪人力资源管理有限公司,100-299人
大数据开发工程师,面议,成都-郫都,数据平台、Kafka、Storm、Hive、Spark、Hadoop,不限,本科,华为技术有限公司,10000人以上
高级大数据开发工程师,1.8万-3.5万,成都-青羊,大数据开发、数据处理、Scala、Java、数据挖掘、Hadoop、Spark、Kafka,5-10年,本科,上海直真君智,20-99人
大数据开发工程师,1.4万-2.8万,成都-郫都,Hadoop、Hive、Spark、Flink、Java、Python、数据平台,3-5年,本科,外企德科,1000-9999人
高级软件工程师（数据信息处理、气象产品开发等方向）,2万-4万,成都-双流,C++、C语言、C#,5-10年,本科,成都亘波雷达科技有限公司,20-99人
JAVA高级开发工程师（大数据方向）,8千-1.2万,成都-锦江,Java,1-3年,本科,新华文轩,1000-9999人
高级大数据开发工程师,1.5万-2.5万,成都-双流,数据挖掘、ETL开发、Python,3-5年,本科,高测股份,1000-9999人
运营分析与支持专员,6千-9千,成都-龙泉驿,excel,1-3年,本科,立邦投资有限公司,1000-9999人
销售数据分析专员,5千-8千,成都-温江,批发/零售、制造业,不限,大专,四川金典缘食品有限公司,300-499人
销售数据分析专员,4千-7千,成都-金牛,销售数据分析,1-3年,中专/中技,成都新港先秦汽车服务有限公司,100-299人
销售数据分析,面议,成都-金牛,金融业,不限,硕士,中国平安,10000人以上
数据专员,4千-6千,成都-武侯,市场运营、市场营销、市场调研、市场策划、制药/医疗、医药制造,1-3年,大专,济南荣泉生物科技有限公司,20-99人
